transaction_id,date,branch_id,branch_name,kota,provinsi,rating_cabang,customer_name,product_id,product_name,actual_price,discount_percentage,persentase_gross_laba,nett_sales,nett_profit,rating_transaksi
TRX6453359,19/09/2021,12027,Kimia Farma - Apotek,Pangkalpinang,Bangka Belitung,"4,8",Patrick Martinez,KF172,"Psycholeptics drugs, Hypnotics and sedatives drugs",2100,"0,15","0,1","2096,85","209,685","3,5"
TRX5627898,17/03/2023,15949,Kimia Farma - Apotek,Gorontalo,Gorontalo,"4,6",Lisa Miller,KF172,"Psycholeptics drugs, Hypnotics and sedatives drugs",2100,"0,15","0,1","2096,85","209,685","3,2"
TRX6917505,26/12/2022,37602,Kimia Farma - Apotek,Garut,Jawa Barat,"4,5",Morgan Smith,KF172,"Psycholeptics drugs, Hypnotics and sedatives drugs",2100,"0,15","0,1","2096,85","209,685","3,4"
TRX4621252,14/11/2020,28401,Kimia Farma - Apotek,Magelang,Jawa Tengah,"3,9",Jennifer Klein,KF172,"Psycholeptics drugs, Hypnotics and sedatives drugs",2100,"0,15","0,1","2096,85","209,685","4,2"
TRX4743278,25/09/2021,63673,Kimia Farma - Apotek,Sorong,Papua Barat,"4,8",Laura Mitchell,KF172,"Psycholeptics drugs, Hypnotics and sedatives drugs",2100,"0,15","0,1","2096,85","209,685","4,9"
TRX5758357,20/07/2023,83742,Kimia Farma - Apotek,Pematangsiantar,Sumatera Utara,"4,8",Robin Brown,KF172,"Psycholeptics drugs, Hypnotics and sedatives drugs",2100,"0,15","0,1","2096,85","209,685","3,1"
TRX6978726,26/05/2022,93878,Kimia Farma - Apotek,Semarang,Jawa Tengah,"4,5",Suzanne Miller,KF172,"Psycholeptics drugs, Hypnotics and sedatives drugs",2100,"0,15","0,1","2096,85","209,685","3,5"
TRX4949710,02/04/2023,65948,Kimia Farma - Apotek,Tarakan,Kalimantan Utara,"4,4",Kathryn Mccarthy,KF172,"Psycholeptics drugs, Hypnotics and sedatives drugs",2100,"0,15","0,1","2096,85","209,685","4,9"
TRX5046417,22/03/2022,42820,Kimia Farma - Apotek,Mataram,Nusa Tenggara Barat,"4,1",Andrew Bates,KF172,"Psycholeptics drugs, Hypnotics and sedatives drugs",2100,"0,15","0,1","2096,85","209,685","3,7"
TRX7851532,23/04/2022,55171,Kimia Farma - Apotek,Ambon,Maluku,5,Amber Davidson,KF172,"Psycholeptics drugs, Hypnotics and sedatives drugs",2100,"0,15","0,1","2096,85","209,685","3,8"
TRX9076074,29/12/2022,12560,Kimia Farma - Apotek,Padang Sidempuan,Sumatera Utara,"4,4",Joann Daniels,KF172,"Psycholeptics drugs, Hypnotics and sedatives drugs",2100,"0,15","0,1","2096,85","209,685","4,7"
TRX1079785,13/05/2021,33816,Kimia Farma - Apotek,Kendari,Sulawesi Tenggara,4,Kyle Conley,KF172,"Psycholeptics drugs, Hypnotics and sedatives drugs",2100,"0,15","0,1","2096,85","209,685","4,2"
TRX6387421,24/12/2023,81651,Kimia Farma - Apotek,Bitung,Sulawesi Utara,"4,2",John Willis,KF172,"Psycholeptics drugs, Hypnotics and sedatives drugs",2100,"0,15","0,1","2096,85","209,685","4,6"
TRX1232342,30/05/2023,62312,Kimia Farma - Apotek,Cianjur,Jawa Barat,"4,5",Linda Butler,KF172,"Psycholeptics drugs, Hypnotics and sedatives drugs",2100,"0,15","0,1","2096,85","209,685","4,8"
TRX7662179,17/12/2022,59765,Kimia Farma - Apotek,Garut,Jawa Barat,"4,1",Monica Kelly,KF172,"Psycholeptics drugs, Hypnotics and sedatives drugs",2100,"0,15","0,1","2096,85","209,685",3
TRX8383972,22/07/2020,64080,Kimia Farma - Apotek,Batam,Kepulauan Riau,"4,1",Luis Smith,KF172,"Psycholeptics drugs, Hypnotics and sedatives drugs",2100,"0,15","0,1","2096,85","209,685",5
TRX3083185,30/11/2023,52192,Kimia Farma - Apotek,Karawang,Jawa Barat,"4,2",Miss Maria Jensen,KF172,"Psycholeptics drugs, Hypnotics and sedatives drugs",2100,"0,15","0,1","2096,85","209,685","3,9"
TRX9584952,08/10/2021,59275,Kimia Farma - Apotek,Garut,Jawa Barat,"4,6",Katie Flores MD,KF172,"Psycholeptics drugs, Hypnotics and sedatives drugs",2100,"0,15","0,1","2096,85","209,685","3,5"
TRX5596142,21/07/2021,66525,Kimia Farma - Apotek,Sibolga,Sumatera Utara,"4,7",Emily Kelly,KF172,"Psycholeptics drugs, Hypnotics and sedatives drugs",2100,"0,15","0,1","2096,85","209,685","3,4"
TRX7511418,31/05/2020,12802,Kimia Farma - Apotek,Garut,Jawa Barat,"4,1",Brandi Martin,KF172,"Psycholeptics drugs, Hypnotics and sedatives drugs",2100,"0,15","0,1","2096,85","209,685","3,1"
TRX3291498,24/11/2021,57026,Kimia Farma - Apotek,Pematangsiantar,Sumatera Utara,"4,1",Jenny Miranda,KF172,"Psycholeptics drugs, Hypnotics and sedatives drugs",2100,"0,15","0,1","2096,85","209,685","3,5"
TRX6938546,25/06/2021,47503,Kimia Farma - Apotek,Denpasar,Bali,"4,1",Max Sutton,KF172,"Psycholeptics drugs, Hypnotics and sedatives drugs",2100,"0,15","0,1","2096,85","209,685","3,9"
TRX9380202,26/11/2020,98676,Kimia Farma - Apotek,Malang,Jawa Timur,"4,4",Michael Myers,KF172,"Psycholeptics drugs, Hypnotics and sedatives drugs",2100,"0,15","0,1","2096,85","209,685","4,2"
TRX5455288,21/02/2023,31935,Kimia Farma - Apotek,Tangerang,Banten,"4,4",Juan Bentley,KF172,"Psycholeptics drugs, Hypnotics and sedatives drugs",2100,"0,15","0,1","2096,85","209,685","4,1"
TRX2571152,13/04/2021,61344,Kimia Farma - Apotek,Padang,Sumatera Barat,"4,7",Patricia Williams,KF172,"Psycholeptics drugs, Hypnotics and sedatives drugs",2100,"0,15","0,1","2096,85","209,685","4,2"
TRX7734603,28/10/2021,31935,Kimia Farma - Apotek,Tangerang,Banten,"4,4",Thomas Hayes,KF172,"Psycholeptics drugs, Hypnotics and sedatives drugs",2100,"0,15","0,1","2096,85","209,685","4,9"
TRX9780063,08/09/2023,37734,Kimia Farma - Apotek,Purwakarta,Jawa Barat,"4,6",Omar Carney,KF172,"Psycholeptics drugs, Hypnotics and sedatives drugs",2100,"0,15","0,1","2096,85","209,685","3,6"
TRX6565400,05/01/2020,90734,Kimia Farma - Apotek,Sukabumi,Jawa Barat,"4,6",Belinda Flores,KF172,"Psycholeptics drugs, Hypnotics and sedatives drugs",2100,"0,15","0,1","2096,85","209,685","3,6"
TRX9876181,08/07/2023,47344,Kimia Farma - Apotek,Tanjungpinang,Kepulauan Riau,"4,9",Phillip George,KF172,"Psycholeptics drugs, Hypnotics and sedatives drugs",2100,"0,15","0,1","2096,85","209,685","4,7"
TRX6445517,18/11/2023,80557,Kimia Farma - Apotek,Pariaman,Sumatera Barat,4,Stephen Marshall,KF172,"Psycholeptics drugs, Hypnotics and sedatives drugs",2100,"0,15","0,1","2096,85","209,685","3,2"
TRX2616052,22/05/2022,31604,Kimia Farma - Apotek,Pontianak,Kalimantan Barat,"4,4",Tiffany Berry,KF172,"Psycholeptics drugs, Hypnotics and sedatives drugs",2100,"0,15","0,1","2096,85","209,685","3,7"
TRX2619435,17/10/2022,59275,Kimia Farma - Apotek,Garut,Jawa Barat,"4,6",William Anderson,KF172,"Psycholeptics drugs, Hypnotics and sedatives drugs",2100,"0,15","0,1","2096,85","209,685","3,8"
TRX6802081,20/08/2020,34489,Kimia Farma - Apotek,Garut,Jawa Barat,"4,4",Paul Rivera,KF172,"Psycholeptics drugs, Hypnotics and sedatives drugs",2100,"0,15","0,1","2096,85","209,685","4,2"
TRX5651355,26/12/2023,14433,Kimia Farma - Apotek,Gorontalo,Gorontalo,4,James Patterson,KF172,"Psycholeptics drugs, Hypnotics and sedatives drugs",2100,"0,15","0,1","2096,85","209,685","3,2"
TRX3719390,24/05/2020,63815,Kimia Farma - Apotek,Sukabumi,Jawa Barat,"4,7",Elizabeth Gutierrez,KF172,"Psycholeptics drugs, Hypnotics and sedatives drugs",2100,"0,15","0,1","2096,85","209,685","4,6"
TRX6591288,07/06/2022,99182,Kimia Farma - Apotek,Makassar,Sulawesi Selatan,"4,6",Kevin Bernard,KF172,"Psycholeptics drugs, Hypnotics and sedatives drugs",2100,"0,15","0,1","2096,85","209,685","4,8"
TRX5777638,20/02/2021,11400,Kimia Farma - Apotek,Ambon,Maluku,"4,1",Warren Snyder,KF172,"Psycholeptics drugs, Hypnotics and sedatives drugs",2100,"0,15","0,1","2096,85","209,685",5
TRX2927649,17/04/2023,97760,Kimia Farma - Apotek,Cikampek,Jawa Barat,"4,6",Tyler Weaver,KF172,"Psycholeptics drugs, Hypnotics and sedatives drugs",2100,"0,15","0,1","2096,85","209,685",4
TRX6546352,23/02/2021,96065,Kimia Farma - Apotek,Karawang,Jawa Barat,5,Chelsea Williams,KF172,"Psycholeptics drugs, Hypnotics and sedatives drugs",2100,"0,15","0,1","2096,85","209,685","3,1"
TRX4605325,09/05/2022,99182,Kimia Farma - Apotek,Makassar,Sulawesi Selatan,"4,6",Keith Shaffer,KF172,"Psycholeptics drugs, Hypnotics and sedatives drugs",2100,"0,15","0,1","2096,85","209,685","3,3"
TRX9996563,01/06/2021,43007,Kimia Farma - Apotek,Ciamis,Jawa Barat,4,Lisa Campbell,KF172,"Psycholeptics drugs, Hypnotics and sedatives drugs",2100,"0,15","0,1","2096,85","209,685","4,1"
TRX6539812,25/01/2021,17275,Kimia Farma - Apotek,Banda Aceh,Aceh,"3,9",Linda Buchanan,KF172,"Psycholeptics drugs, Hypnotics and sedatives drugs",2100,"0,15","0,1","2096,85","209,685","4,7"
TRX4080994,09/07/2020,37995,Kimia Farma - Apotek,Probolinggo,Jawa Timur,"4,4",Courtney Boyd,KF172,"Psycholeptics drugs, Hypnotics and sedatives drugs",2100,"0,15","0,1","2096,85","209,685","3,7"
TRX2246416,15/09/2020,49520,Kimia Farma - Apotek,Subang,Jawa Barat,"4,4",Paul Wright,KF172,"Psycholeptics drugs, Hypnotics and sedatives drugs",2100,"0,15","0,1","2096,85","209,685","3,8"
TRX4786828,08/10/2022,77512,Kimia Farma - Apotek,Cirebon,Jawa Barat,"4,5",Jake Hammond,KF172,"Psycholeptics drugs, Hypnotics and sedatives drugs",2100,"0,15","0,1","2096,85","209,685","4,1"
TRX8801605,16/10/2020,96558,Kimia Farma - Apotek,Denpasar,Bali,"4,7",Andrea Campos,KF172,"Psycholeptics drugs, Hypnotics and sedatives drugs",2100,"0,15","0,1","2096,85","209,685","4,6"
TRX3448274,27/10/2022,49520,Kimia Farma - Apotek,Subang,Jawa Barat,"4,4",Andre Hawkins,KF172,"Psycholeptics drugs, Hypnotics and sedatives drugs",2100,"0,15","0,1","2096,85","209,685","3,9"
TRX2215482,29/04/2021,67373,Kimia Farma - Apotek,Subang,Jawa Barat,"4,6",Christopher Cunningham,KF172,"Psycholeptics drugs, Hypnotics and sedatives drugs",2100,"0,15","0,1","2096,85","209,685","4,6"
TRX6471973,23/08/2023,94051,Kimia Farma - Apotek,Gorontalo,Gorontalo,"4,9",Melissa Boyer,KF172,"Psycholeptics drugs, Hypnotics and sedatives drugs",2100,"0,15","0,1","2096,85","209,685","4,6"
TRX3565472,24/11/2022,84922,Kimia Farma - Apotek,Tasikmalaya,Jawa Barat,"4,1",Susan Bradley,KF172,"Psycholeptics drugs, Hypnotics and sedatives drugs",2100,"0,15","0,1","2096,85","209,685","3,5"
TRX5886944,07/09/2023,64238,Kimia Farma - Apotek,Jakarta,DKI Jakarta,4,James Kim,KF172,"Psycholeptics drugs, Hypnotics and sedatives drugs",2100,"0,15","0,1","2096,85","209,685","3,6"
TRX2165480,01/10/2022,79972,Kimia Farma - Apotek,Mataram,Nusa Tenggara Barat,"4,7",Megan Mercer,KF172,"Psycholeptics drugs, Hypnotics and sedatives drugs",2100,"0,15","0,1","2096,85","209,685","3,8"
TRX6231326,02/02/2020,96487,Kimia Farma - Apotek,Cikampek,Jawa Barat,"4,8",Jillian Adams,KF172,"Psycholeptics drugs, Hypnotics and sedatives drugs",2100,"0,15","0,1","2096,85","209,685","4,6"
TRX4200680,11/02/2022,34030,Kimia Farma - Apotek,Solok,Sumatera Barat,"4,2",Corey Bailey,KF172,"Psycholeptics drugs, Hypnotics and sedatives drugs",2100,"0,14","0,1","2097,06","209,706","3,1"
TRX6705321,25/11/2020,65138,Kimia Farma - Apotek,Lubuklinggau,Sumatera Selatan,"4,5",Steven Smith,KF172,"Psycholeptics drugs, Hypnotics and sedatives drugs",2100,"0,14","0,1","2097,06","209,706","3,7"
TRX4183088,24/09/2022,59449,Kimia Farma - Apotek,Indramayu,Jawa Barat,"4,1",Amanda Coleman,KF172,"Psycholeptics drugs, Hypnotics and sedatives drugs",2100,"0,14","0,1","2097,06","209,706",5
TRX2513995,07/10/2020,93257,Kimia Farma - Apotek,Kotamobagu,Sulawesi Utara,"4,6",Susan Sanchez,KF172,"Psycholeptics drugs, Hypnotics and sedatives drugs",2100,"0,14","0,1","2097,06","209,706","3,7"
TRX4495233,07/05/2022,75503,Kimia Farma - Apotek,Tomohon,Sulawesi Utara,"4,7",Daniel Rollins,KF172,"Psycholeptics drugs, Hypnotics and sedatives drugs",2100,"0,14","0,1","2097,06","209,706",4
TRX7899036,19/05/2021,12369,Kimia Farma - Apotek,Ciamis,Jawa Barat,"4,4",Melissa Simmons,KF172,"Psycholeptics drugs, Hypnotics and sedatives drugs",2100,"0,14","0,1","2097,06","209,706","4,3"
TRX8477419,26/01/2023,46468,Kimia Farma - Apotek,Bima,Nusa Tenggara Barat,"4,7",Kathryn Ross,KF172,"Psycholeptics drugs, Hypnotics and sedatives drugs",2100,"0,14","0,1","2097,06","209,706","4,8"
TRX2466528,21/04/2022,60888,Kimia Farma - Apotek,Bekasi,Jawa Barat,"4,1",Stacy Young,KF172,"Psycholeptics drugs, Hypnotics and sedatives drugs",2100,"0,14","0,1","2097,06","209,706","3,3"
TRX5257694,10/03/2022,39499,Kimia Farma - Apotek,Denpasar,Bali,"4,5",Amanda Perez,KF172,"Psycholeptics drugs, Hypnotics and sedatives drugs",2100,"0,14","0,1","2097,06","209,706","4,1"
TRX9536450,14/11/2023,16339,Kimia Farma - Apotek,Subang,Jawa Barat,"4,7",Cynthia Vargas,KF172,"Psycholeptics drugs, Hypnotics and sedatives drugs",2100,"0,14","0,1","2097,06","209,706","4,7"
TRX8079000,17/04/2023,47503,Kimia Farma - Apotek,Denpasar,Bali,"4,1",Gregory Brown,KF172,"Psycholeptics drugs, Hypnotics and sedatives drugs",2100,"0,14","0,1","2097,06","209,706","4,1"
TRX9121993,21/07/2022,23145,Kimia Farma - Apotek,Pangkalpinang,Bangka Belitung,"4,3",Holly Weber,KF172,"Psycholeptics drugs, Hypnotics and sedatives drugs",2100,"0,14","0,1","2097,06","209,706","4,9"
TRX2067734,30/05/2020,35955,Kimia Farma - Apotek,Mataram,Nusa Tenggara Barat,"4,2",Antonio Noble,KF172,"Psycholeptics drugs, Hypnotics and sedatives drugs",2100,"0,14","0,1","2097,06","209,706","4,1"
TRX6493890,26/05/2021,50288,Kimia Farma - Apotek,Ternate,Maluku Utara,"4,4",Scott Stone,KF172,"Psycholeptics drugs, Hypnotics and sedatives drugs",2100,"0,14","0,1","2097,06","209,706","4,2"
TRX5652726,10/05/2023,65902,Kimia Farma - Apotek,Balikpapan,Kalimantan Timur,"4,2",William Brown,KF172,"Psycholeptics drugs, Hypnotics and sedatives drugs",2100,"0,14","0,1","2097,06","209,706","3,2"
TRX9072011,02/10/2022,73710,Kimia Farma - Apotek,Probolinggo,Jawa Timur,4,Alicia Martin,KF172,"Psycholeptics drugs, Hypnotics and sedatives drugs",2100,"0,14","0,1","2097,06","209,706","3,8"
TRX7168687,04/06/2022,90334,Kimia Farma - Apotek,Yogyakarta,DI Yogyakarta,"4,4",Jessica Green,KF172,"Psycholeptics drugs, Hypnotics and sedatives drugs",2100,"0,14","0,1","2097,06","209,706","3,9"
TRX2896464,24/06/2022,14799,Kimia Farma - Apotek,Ambon,Maluku,"4,6",Jason Cobb,KF172,"Psycholeptics drugs, Hypnotics and sedatives drugs",2100,"0,14","0,1","2097,06","209,706","3,9"
TRX2639275,05/02/2022,24963,Kimia Farma - Apotek,Purwakarta,Jawa Barat,"4,2",Kristine Mcintosh,KF172,"Psycholeptics drugs, Hypnotics and sedatives drugs",2100,"0,14","0,1","2097,06","209,706","3,9"
TRX2115826,11/02/2021,29933,Kimia Farma - Apotek,Sukabumi,Jawa Barat,"4,2",Wayne Sanchez,KF172,"Psycholeptics drugs, Hypnotics and sedatives drugs",2100,"0,14","0,1","2097,06","209,706",4
TRX8207097,04/03/2021,30970,Kimia Farma - Apotek,Purwakarta,Jawa Barat,"4,9",Beth Jones,KF172,"Psycholeptics drugs, Hypnotics and sedatives drugs",2100,"0,14","0,1","2097,06","209,706","4,3"
TRX5696502,19/09/2023,16339,Kimia Farma - Apotek,Subang,Jawa Barat,"4,7",Maurice Riley,KF172,"Psycholeptics drugs, Hypnotics and sedatives drugs",2100,"0,14","0,1","2097,06","209,706","4,9"
TRX5522837,20/08/2022,92261,Kimia Farma - Apotek,Subang,Jawa Barat,"4,6",Eric Scott,KF172,"Psycholeptics drugs, Hypnotics and sedatives drugs",2100,"0,14","0,1","2097,06","209,706",4
TRX9550024,22/05/2022,95971,Kimia Farma - Apotek,Banjarmasin,Kalimantan Selatan,"4,2",Angelica Jordan,KF172,"Psycholeptics drugs, Hypnotics and sedatives drugs",2100,"0,14","0,1","2097,06","209,706","4,5"
TRX4624591,03/11/2023,72440,Kimia Farma - Apotek,Banda Aceh,Aceh,"4,3",Robert Hughes,KF172,"Psycholeptics drugs, Hypnotics and sedatives drugs",2100,"0,14","0,1","2097,06","209,706","3,4"
TRX1508864,11/08/2020,52192,Kimia Farma - Apotek,Karawang,Jawa Barat,"4,2",Timothy Dunn DVM,KF172,"Psycholeptics drugs, Hypnotics and sedatives drugs",2100,"0,14","0,1","2097,06","209,706","4,6"
TRX1143290,08/06/2021,59449,Kimia Farma - Apotek,Indramayu,Jawa Barat,"4,1",Tina Taylor,KF172,"Psycholeptics drugs, Hypnotics and sedatives drugs",2100,"0,14","0,1","2097,06","209,706","4,7"
TRX8256102,29/05/2022,28460,Kimia Farma - Apotek,Jambi,Jambi,"4,2",Jonathan Richardson,KF172,"Psycholeptics drugs, Hypnotics and sedatives drugs",2100,"0,14","0,1","2097,06","209,706","4,8"
TRX7029906,11/12/2022,14693,Kimia Farma - Apotek,Karawang,Jawa Barat,"3,9",Adam Clark,KF172,"Psycholeptics drugs, Hypnotics and sedatives drugs",2100,"0,14","0,1","2097,06","209,706","3,7"
TRX6080961,08/07/2022,48130,Kimia Farma - Apotek,Tasikmalaya,Jawa Barat,"4,7",Sandra Mendez,KF172,"Psycholeptics drugs, Hypnotics and sedatives drugs",2100,"0,14","0,1","2097,06","209,706","3,9"
TRX7210342,01/07/2023,48388,Kimia Farma - Apotek,Palangkaraya,Kalimantan Tengah,4,James Small,KF172,"Psycholeptics drugs, Hypnotics and sedatives drugs",2100,"0,14","0,1","2097,06","209,706","4,6"
TRX3955001,13/02/2022,15949,Kimia Farma - Apotek,Gorontalo,Gorontalo,"4,6",Tara Mitchell MD,KF172,"Psycholeptics drugs, Hypnotics and sedatives drugs",2100,"0,14","0,1","2097,06","209,706","4,9"
TRX1161346,29/06/2020,67921,Kimia Farma - Apotek,Ternate,Maluku Utara,5,Sandra Jacobs,KF172,"Psycholeptics drugs, Hypnotics and sedatives drugs",2100,"0,14","0,1","2097,06","209,706","4,5"
TRX1759332,10/03/2023,51463,Kimia Farma - Apotek,Ternate,Maluku Utara,"4,4",Grant Vargas,KF172,"Psycholeptics drugs, Hypnotics and sedatives drugs",2100,"0,14","0,1","2097,06","209,706","4,8"
TRX5661368,21/03/2022,85287,Kimia Farma - Apotek,Sorong,Papua Barat,"4,9",Michael Hayes,KF172,"Psycholeptics drugs, Hypnotics and sedatives drugs",2100,"0,14","0,1","2097,06","209,706","3,4"
TRX7089127,05/06/2021,88089,Kimia Farma - Apotek,Indramayu,Jawa Barat,"4,1",Vincent Robertson,KF172,"Psycholeptics drugs, Hypnotics and sedatives drugs",2100,"0,14","0,1","2097,06","209,706","4,9"
TRX6224293,21/03/2022,41183,Kimia Farma - Apotek,Gorontalo,Gorontalo,"4,8",Brooke Patrick,KF172,"Psycholeptics drugs, Hypnotics and sedatives drugs",2100,"0,14","0,1","2097,06","209,706","3,6"
TRX2417503,13/07/2022,49520,Kimia Farma - Apotek,Subang,Jawa Barat,"4,4",Melissa Hughes,KF172,"Psycholeptics drugs, Hypnotics and sedatives drugs",2100,"0,14","0,1","2097,06","209,706","3,7"
TRX5221537,23/09/2023,16158,Kimia Farma - Apotek,Subang,Jawa Barat,5,Kendra Williams,KF172,"Psycholeptics drugs, Hypnotics and sedatives drugs",2100,"0,14","0,1","2097,06","209,706","3,7"
TRX5437346,09/12/2023,96558,Kimia Farma - Apotek,Denpasar,Bali,"4,7",Stephanie Cobb,KF172,"Psycholeptics drugs, Hypnotics and sedatives drugs",2100,"0,14","0,1","2097,06","209,706","4,1"
TRX2020418,26/02/2021,81651,Kimia Farma - Apotek,Bitung,Sulawesi Utara,"4,2",Selena Lopez,KF172,"Psycholeptics drugs, Hypnotics and sedatives drugs",2100,"0,14","0,1","2097,06","209,706","4,2"
TRX7187867,01/06/2021,21583,Kimia Farma - Apotek,Ciamis,Jawa Barat,"4,9",Jennifer Phillips,KF172,"Psycholeptics drugs, Hypnotics and sedatives drugs",2100,"0,14","0,1","2097,06","209,706","4,2"
TRX5630393,04/04/2022,25572,Kimia Farma - Apotek,Bontang,Kalimantan Timur,"3,9",Elizabeth Flores,KF172,"Psycholeptics drugs, Hypnotics and sedatives drugs",2100,"0,14","0,1","2097,06","209,706","3,1"
TRX2145218,27/02/2022,60936,Kimia Farma - Apotek,Subang,Jawa Barat,"4,8",Steven Snyder,KF172,"Psycholeptics drugs, Hypnotics and sedatives drugs",2100,"0,14","0,1","2097,06","209,706","4,1"
TRX3102141,14/03/2022,92899,Kimia Farma - Apotek,Dumai,Riau,"4,7",Daniel Gonzales,KF172,"Psycholeptics drugs, Hypnotics and sedatives drugs",2100,"0,14","0,1","2097,06","209,706","4,6"
TRX3263606,13/04/2022,45962,Kimia Farma - Apotek,Tasikmalaya,Jawa Barat,"4,4",Kelly Wilson,KF172,"Psycholeptics drugs, Hypnotics and sedatives drugs",2100,"0,14","0,1","2097,06","209,706",5
TRX8685362,06/03/2020,69575,Kimia Farma - Apotek,Garut,Jawa Barat,"4,2",Samuel Garner,KF172,"Psycholeptics drugs, Hypnotics and sedatives drugs",2100,"0,14","0,1","2097,06","209,706","3,5"
TRX7687346,14/05/2022,21171,Kimia Farma - Apotek,Indramayu,Jawa Barat,4,Robert Mendoza,KF172,"Psycholeptics drugs, Hypnotics and sedatives drugs",2100,"0,14","0,1","2097,06","209,706",3
TRX4570894,28/03/2022,21840,Kimia Farma - Apotek,Pariaman,Sumatera Barat,"4,9",Justin Grimes,KF172,"Psycholeptics drugs, Hypnotics and sedatives drugs",2100,"0,14","0,1","2097,06","209,706","3,7"
TRX9740153,01/06/2022,99424,Kimia Farma - Apotek,Kuningan,Jawa Barat,5,Veronica Cooper,KF172,"Psycholeptics drugs, Hypnotics and sedatives drugs",2100,"0,14","0,1","2097,06","209,706","4,5"
TRX1122865,25/06/2022,20382,Kimia Farma - Apotek,Batam,Kepulauan Riau,"4,2",Lindsey Smith,KF172,"Psycholeptics drugs, Hypnotics and sedatives drugs",2100,"0,14","0,1","2097,06","209,706","3,4"
TRX4131264,23/09/2022,30539,Kimia Farma - Apotek,Kuningan,Jawa Barat,"4,4",Joshua Jackson,KF172,"Psycholeptics drugs, Hypnotics and sedatives drugs",2100,"0,14","0,1","2097,06","209,706","3,6"
TRX7325339,30/12/2020,23248,Kimia Farma - Apotek,Bima,Nusa Tenggara Barat,"4,1",Jonathan Hall,KF172,"Psycholeptics drugs, Hypnotics and sedatives drugs",2100,"0,14","0,1","2097,06","209,706","4,5"
TRX5595681,15/02/2023,70971,Kimia Farma - Apotek,Tomohon,Sulawesi Utara,"4,8",Lauren Young,KF172,"Psycholeptics drugs, Hypnotics and sedatives drugs",2100,"0,14","0,1","2097,06","209,706","4,2"
TRX7650967,07/10/2023,64080,Kimia Farma - Apotek,Batam,Kepulauan Riau,"4,1",Cristina Olson,KF172,"Psycholeptics drugs, Hypnotics and sedatives drugs",2100,"0,14","0,1","2097,06","209,706","4,4"
TRX5348729,27/03/2021,77512,Kimia Farma - Apotek,Cirebon,Jawa Barat,"4,5",Gina Harrison,KF172,"Psycholeptics drugs, Hypnotics and sedatives drugs",2100,"0,14","0,1","2097,06","209,706","4,4"
TRX4981906,10/09/2023,78158,Kimia Farma - Apotek,Palu,Sulawesi Tengah,"4,1",Ebony Williams,KF172,"Psycholeptics drugs, Hypnotics and sedatives drugs",2100,"0,14","0,1","2097,06","209,706","3,6"
TRX4060557,20/06/2021,65947,Kimia Farma - Apotek,Pontianak,Kalimantan Barat,5,Kim Maxwell,KF172,"Psycholeptics drugs, Hypnotics and sedatives drugs",2100,"0,14","0,1","2097,06","209,706","3,7"
TRX3193958,24/07/2021,15917,Kimia Farma - Apotek,Semarang,Jawa Tengah,"4,8",Crystal Jefferson,KF172,"Psycholeptics drugs, Hypnotics and sedatives drugs",2100,"0,14","0,1","2097,06","209,706",5
TRX7166251,23/11/2020,20382,Kimia Farma - Apotek,Batam,Kepulauan Riau,"4,2",Gabriella Rush,KF172,"Psycholeptics drugs, Hypnotics and sedatives drugs",2100,"0,14","0,1","2097,06","209,706","3,2"
TRX6601695,25/08/2022,78158,Kimia Farma - Apotek,Palu,Sulawesi Tengah,"4,1",Kendra Brown,KF172,"Psycholeptics drugs, Hypnotics and sedatives drugs",2100,"0,14","0,1","2097,06","209,706","3,5"
TRX1270426,12/06/2022,67081,Kimia Farma - Apotek,Kuningan,Jawa Barat,"4,8",David Roberts,KF172,"Psycholeptics drugs, Hypnotics and sedatives drugs",2100,"0,14","0,1","2097,06","209,706","3,8"
TRX6556807,18/07/2020,23471,Kimia Farma - Apotek,Kendari,Sulawesi Tenggara,"4,3",Angelica Allen,KF172,"Psycholeptics drugs, Hypnotics and sedatives drugs",2100,"0,14","0,1","2097,06","209,706","4,1"
TRX7041822,30/07/2020,57562,Kimia Farma - Apotek,Probolinggo,Jawa Timur,5,Shaun Clark,KF172,"Psycholeptics drugs, Hypnotics and sedatives drugs",2100,"0,14","0,1","2097,06","209,706","4,6"
TRX6126801,07/03/2023,96065,Kimia Farma - Apotek,Karawang,Jawa Barat,5,Kristin Lee,KF172,"Psycholeptics drugs, Hypnotics and sedatives drugs",2100,"0,14","0,1","2097,06","209,706","4,6"
TRX7265319,29/01/2023,58354,Kimia Farma - Apotek,Bitung,Sulawesi Utara,"4,2",William Hardy,KF172,"Psycholeptics drugs, Hypnotics and sedatives drugs",2100,"0,14","0,1","2097,06","209,706","3,6"
TRX4859587,03/02/2020,50014,Kimia Farma - Apotek,Malang,Jawa Timur,"4,4",April Graham,KF172,"Psycholeptics drugs, Hypnotics and sedatives drugs",2100,"0,14","0,1","2097,06","209,706","4,1"
TRX5927534,01/04/2021,35964,Kimia Farma - Apotek,Lhokseumawe,Aceh,"4,3",Eduardo Gonzales,KF172,"Psycholeptics drugs, Hypnotics and sedatives drugs",2100,"0,14","0,1","2097,06","209,706","4,7"
TRX7518165,17/08/2022,39523,Kimia Farma - Apotek,Garut,Jawa Barat,"4,3",Richard Miller,KF172,"Psycholeptics drugs, Hypnotics and sedatives drugs",2100,"0,14","0,1","2097,06","209,706","3,1"
TRX1109225,29/06/2020,18983,Kimia Farma - Apotek,Solok,Sumatera Barat,"4,8",Cheryl Gill,KF172,"Psycholeptics drugs, Hypnotics and sedatives drugs",2100,"0,14","0,1","2097,06","209,706","4,4"
TRX5884249,03/09/2022,13089,Kimia Farma - Apotek,Subang,Jawa Barat,"4,1",Ann Willis,KF172,"Psycholeptics drugs, Hypnotics and sedatives drugs",2100,"0,14","0,1","2097,06","209,706","4,8"
TRX4618838,29/03/2022,30333,Kimia Farma - Apotek,Bekasi,Jawa Barat,"4,6",Samantha Ramos,KF172,"Psycholeptics drugs, Hypnotics and sedatives drugs",2100,"0,14","0,1","2097,06","209,706","3,6"
TRX6310339,13/11/2022,51302,Kimia Farma - Apotek,Cikampek,Jawa Barat,"4,6",Tiffany Berry,KF172,"Psycholeptics drugs, Hypnotics and sedatives drugs",2100,"0,14","0,1","2097,06","209,706","4,5"
TRX8420995,28/06/2023,35930,Kimia Farma - Apotek,Tasikmalaya,Jawa Barat,"4,1",Samuel Villarreal,KF172,"Psycholeptics drugs, Hypnotics and sedatives drugs",2100,"0,14","0,1","2097,06","209,706",3
TRX2041123,14/12/2022,84935,Kimia Farma - Apotek,Palangkaraya,Kalimantan Tengah,"4,2",Lori Jones,KF172,"Psycholeptics drugs, Hypnotics and sedatives drugs",2100,"0,14","0,1","2097,06","209,706","3,3"
TRX1597389,09/09/2022,87969,Kimia Farma - Apotek,Sukabumi,Jawa Barat,"4,4",Justin Ellis,KF172,"Psycholeptics drugs, Hypnotics and sedatives drugs",2100,"0,14","0,1","2097,06","209,706","3,4"
TRX2532867,23/08/2023,63673,Kimia Farma - Apotek,Sorong,Papua Barat,"4,8",James Cooper,KF172,"Psycholeptics drugs, Hypnotics and sedatives drugs",2100,"0,14","0,1","2097,06","209,706","3,6"
TRX7966622,19/11/2023,58354,Kimia Farma - Apotek,Bitung,Sulawesi Utara,"4,2",Gabriel Patel,KF172,"Psycholeptics drugs, Hypnotics and sedatives drugs",2100,"0,14","0,1","2097,06","209,706",4
TRX1931842,22/02/2022,20505,Kimia Farma - Apotek,Cilacap,Jawa Tengah,"4,5",Anthony Browning,KF172,"Psycholeptics drugs, Hypnotics and sedatives drugs",2100,"0,14","0,1","2097,06","209,706","3,3"
TRX5019743,08/11/2022,97507,Kimia Farma - Apotek,Pekanbaru,Riau,"4,1",Jason Wright,KF172,"Psycholeptics drugs, Hypnotics and sedatives drugs",2100,"0,14","0,1","2097,06","209,706","4,8"
TRX1386498,29/06/2023,98300,Kimia Farma - Apotek,Subang,Jawa Barat,"4,9",Derek Scott,KF172,"Psycholeptics drugs, Hypnotics and sedatives drugs",2100,"0,14","0,1","2097,06","209,706","3,5"
TRX4754256,08/04/2020,61764,Kimia Farma - Apotek,Kupang,Nusa Tenggara Timur,"4,7",Frank Stanley,KF172,"Psycholeptics drugs, Hypnotics and sedatives drugs",2100,"0,14","0,1","2097,06","209,706","4,5"
TRX5980087,15/01/2020,73625,Kimia Farma - Apotek,Kotamobagu,Sulawesi Utara,"4,9",Lisa Thompson,KF172,"Psycholeptics drugs, Hypnotics and sedatives drugs",2100,"0,14","0,1","2097,06","209,706","3,2"
TRX3119648,16/09/2020,77824,Kimia Farma - Apotek,Banda Aceh,Aceh,"4,5",Jessica Hood,KF172,"Psycholeptics drugs, Hypnotics and sedatives drugs",2100,"0,14","0,1","2097,06","209,706","3,6"
TRX9798966,09/12/2022,75181,Kimia Farma - Apotek,Palembang,Sumatera Selatan,"4,4",Thomas Bullock,KF172,"Psycholeptics drugs, Hypnotics and sedatives drugs",2100,"0,14","0,1","2097,06","209,706","4,7"
TRX2179437,21/11/2020,22797,Kimia Farma - Apotek,Palangkaraya,Kalimantan Tengah,"4,2",James Taylor,KF172,"Psycholeptics drugs, Hypnotics and sedatives drugs",2100,"0,13","0,1","2097,27","209,727","3,5"
TRX7208512,12/06/2021,61764,Kimia Farma - Apotek,Kupang,Nusa Tenggara Timur,"4,7",Christopher Day,KF172,"Psycholeptics drugs, Hypnotics and sedatives drugs",2100,"0,13","0,1","2097,27","209,727","4,8"
TRX9822921,29/08/2020,16596,Kimia Farma - Apotek,Pontianak,Kalimantan Barat,"4,1",Monique Rangel,KF172,"Psycholeptics drugs, Hypnotics and sedatives drugs",2100,"0,13","0,1","2097,27","209,727",3
TRX2254567,29/12/2023,16596,Kimia Farma - Apotek,Pontianak,Kalimantan Barat,"4,1",Amber Anderson,KF172,"Psycholeptics drugs, Hypnotics and sedatives drugs",2100,"0,13","0,1","2097,27","209,727",3
TRX9122720,20/02/2020,53053,Kimia Farma - Apotek,Lubuklinggau,Sumatera Selatan,"3,9",Sydney Andrews,KF172,"Psycholeptics drugs, Hypnotics and sedatives drugs",2100,"0,13","0,1","2097,27","209,727","3,3"
TRX9725545,24/11/2021,21410,Kimia Farma - Apotek,Mataram,Nusa Tenggara Barat,"4,2",Sarah Keller,KF172,"Psycholeptics drugs, Hypnotics and sedatives drugs",2100,"0,13","0,1","2097,27","209,727",4
TRX2560577,19/04/2023,44632,Kimia Farma - Apotek,Mataram,Nusa Tenggara Barat,"4,5",Diamond Lane,KF172,"Psycholeptics drugs, Hypnotics and sedatives drugs",2100,"0,13","0,1","2097,27","209,727","4,8"
TRX8004382,27/07/2023,60936,Kimia Farma - Apotek,Subang,Jawa Barat,"4,8",Andrew Duffy,KF172,"Psycholeptics drugs, Hypnotics and sedatives drugs",2100,"0,13","0,1","2097,27","209,727","4,3"
TRX9161812,05/06/2022,26025,Kimia Farma - Apotek,Kotamobagu,Sulawesi Utara,"4,8",Brianna Cohen,KF172,"Psycholeptics drugs, Hypnotics and sedatives drugs",2100,"0,13","0,1","2097,27","209,727","4,9"
TRX4862927,17/03/2023,44604,Kimia Farma - Apotek,Bandung,Jawa Barat,"4,2",Jonathan Arnold,KF172,"Psycholeptics drugs, Hypnotics and sedatives drugs",2100,"0,13","0,1","2097,27","209,727",3
TRX6090280,11/10/2021,21909,Kimia Farma - Apotek,Lubuklinggau,Sumatera Selatan,"4,9",Nathaniel Hampton,KF172,"Psycholeptics drugs, Hypnotics and sedatives drugs",2100,"0,13","0,1","2097,27","209,727","3,1"
TRX8270017,22/04/2023,12802,Kimia Farma - Apotek,Garut,Jawa Barat,"4,1",James Henderson,KF172,"Psycholeptics drugs, Hypnotics and sedatives drugs",2100,"0,13","0,1","2097,27","209,727","3,1"
TRX3648391,16/04/2022,43007,Kimia Farma - Apotek,Ciamis,Jawa Barat,4,Kimberly Clark,KF172,"Psycholeptics drugs, Hypnotics and sedatives drugs",2100,"0,13","0,1","2097,27","209,727","4,4"
TRX1805355,05/12/2021,82564,Kimia Farma - Apotek,Palembang,Sumatera Selatan,"4,2",Robert Savage,KF172,"Psycholeptics drugs, Hypnotics and sedatives drugs",2100,"0,13","0,1","2097,27","209,727","4,6"
TRX6961146,20/06/2022,85716,Kimia Farma - Apotek,Malang,Jawa Timur,5,Brooke Bass,KF172,"Psycholeptics drugs, Hypnotics and sedatives drugs",2100,"0,13","0,1","2097,27","209,727","4,7"
TRX8841317,29/07/2020,87281,Kimia Farma - Apotek,Semarang,Jawa Tengah,"4,4",Christine Hodges,KF172,"Psycholeptics drugs, Hypnotics and sedatives drugs",2100,"0,13","0,1","2097,27","209,727","3,1"
TRX4347749,29/08/2021,59549,Kimia Farma - Apotek,Purwakarta,Jawa Barat,"4,2",Nicholas Benjamin,KF172,"Psycholeptics drugs, Hypnotics and sedatives drugs",2100,"0,13","0,1","2097,27","209,727","3,7"
TRX2854189,04/02/2023,45072,Kimia Farma - Apotek,Surabaya,Jawa Timur,"4,7",Christopher Garza,KF172,"Psycholeptics drugs, Hypnotics and sedatives drugs",2100,"0,13","0,1","2097,27","209,727","3,7"
TRX9282423,29/04/2023,40313,Kimia Farma - Apotek,Tasikmalaya,Jawa Barat,"4,8",Ms. Sandra Cook,KF172,"Psycholeptics drugs, Hypnotics and sedatives drugs",2100,"0,13","0,1","2097,27","209,727","3,8"
TRX7158378,20/09/2020,18306,Kimia Farma - Apotek,Manado,Sulawesi Utara,5,Kevin Cooper,KF172,"Psycholeptics drugs, Hypnotics and sedatives drugs",2100,"0,13","0,1","2097,27","209,727",4
TRX7230714,27/08/2021,83357,Kimia Farma - Apotek,Sukabumi,Jawa Barat,"4,2",William French,KF172,"Psycholeptics drugs, Hypnotics and sedatives drugs",2100,"0,13","0,1","2097,27","209,727","3,1"
TRX4766148,26/12/2023,81008,Kimia Farma - Apotek,Cilacap,Jawa Tengah,"4,8",Harold Williamson,KF172,"Psycholeptics drugs, Hypnotics and sedatives drugs",2100,"0,13","0,1","2097,27","209,727","3,3"
TRX4323620,16/07/2021,41750,Kimia Farma - Apotek,Ciamis,Jawa Barat,"4,2",Amanda Briggs,KF172,"Psycholeptics drugs, Hypnotics and sedatives drugs",2100,"0,13","0,1","2097,27","209,727","3,5"
TRX7489586,03/08/2022,75046,Kimia Farma - Apotek,Denpasar,Bali,"4,4",Emily Gilbert,KF172,"Psycholeptics drugs, Hypnotics and sedatives drugs",2100,"0,13","0,1","2097,27","209,727","3,6"
TRX8359445,19/12/2022,67921,Kimia Farma - Apotek,Ternate,Maluku Utara,5,Christopher Duran,KF172,"Psycholeptics drugs, Hypnotics and sedatives drugs",2100,"0,13","0,1","2097,27","209,727","4,3"
TRX2879290,17/03/2021,28114,Kimia Farma - Apotek,Purwakarta,Jawa Barat,"4,8",Ms. Stacey Bond MD,KF172,"Psycholeptics drugs, Hypnotics and sedatives drugs",2100,"0,13","0,1","2097,27","209,727","3,2"
TRX6062733,16/01/2020,53959,Kimia Farma - Apotek,Ternate,Maluku Utara,"3,9",Jorge Mack,KF172,"Psycholeptics drugs, Hypnotics and sedatives drugs",2100,"0,13","0,1","2097,27","209,727","4,3"
TRX8435447,02/12/2023,17863,Kimia Farma - Apotek,Gorontalo,Gorontalo,"4,7",Rachel Harris,KF172,"Psycholeptics drugs, Hypnotics and sedatives drugs",2100,"0,13","0,1","2097,27","209,727","4,4"
TRX9406457,07/01/2023,81487,Kimia Farma - Apotek,Lhokseumawe,Aceh,"4,8",Amy Lindsey,KF172,"Psycholeptics drugs, Hypnotics and sedatives drugs",2100,"0,13","0,1","2097,27","209,727","3,9"
TRX7953394,25/07/2021,98907,Kimia Farma - Apotek,Gorontalo,Gorontalo,"4,6",Kathryn Dixon,KF172,"Psycholeptics drugs, Hypnotics and sedatives drugs",2100,"0,13","0,1","2097,27","209,727","3,4"
TRX5378386,05/08/2023,72693,Kimia Farma - Apotek,Jakarta,DKI Jakarta,"4,7",Robert Alexander,KF172,"Psycholeptics drugs, Hypnotics and sedatives drugs",2100,"0,13","0,1","2097,27","209,727",5
TRX5917547,21/03/2022,76351,Kimia Farma - Apotek,Palu,Sulawesi Tengah,"4,4",Wayne Villarreal,KF172,"Psycholeptics drugs, Hypnotics and sedatives drugs",2100,"0,13","0,1","2097,27","209,727","3,8"
TRX5734357,31/03/2022,98345,Kimia Farma - Apotek,Makassar,Sulawesi Selatan,"4,7",Brenda Wolfe,KF172,"Psycholeptics drugs, Hypnotics and sedatives drugs",2100,"0,13","0,1","2097,27","209,727","3,4"
TRX7892104,04/07/2020,31747,Kimia Farma - Apotek,Langsa,Aceh,"4,5",Jose Caldwell,KF172,"Psycholeptics drugs, Hypnotics and sedatives drugs",2100,"0,13","0,1","2097,27","209,727","3,4"
TRX9497876,25/06/2020,69471,Kimia Farma - Apotek,Probolinggo,Jawa Timur,"4,8",Jo Dean,KF172,"Psycholeptics drugs, Hypnotics and sedatives drugs",2100,"0,13","0,1","2097,27","209,727","4,3"
TRX8997911,13/05/2022,41261,Kimia Farma - Apotek,Deli Serdang,Sumatera Utara,"4,6",Kenneth Lee,KF172,"Psycholeptics drugs, Hypnotics and sedatives drugs",2100,"0,13","0,1","2097,27","209,727","4,4"
TRX1106603,19/12/2020,30640,Kimia Farma - Apotek,Pangkalpinang,Bangka Belitung,"4,3",Leslie Lewis,KF172,"Psycholeptics drugs, Hypnotics and sedatives drugs",2100,"0,13","0,1","2097,27","209,727","4,8"
TRX1710246,04/01/2020,24294,Kimia Farma - Apotek,Payakumbuh,Sumatera Barat,"4,9",Kyle Mendoza,KF172,"Psycholeptics drugs, Hypnotics and sedatives drugs",2100,"0,13","0,1","2097,27","209,727","3,5"
TRX3845724,17/05/2023,61804,Kimia Farma - Apotek,Padang Sidempuan,Sumatera Utara,"4,4",Rebecca Garcia,KF172,"Psycholeptics drugs, Hypnotics and sedatives drugs",2100,"0,13","0,1","2097,27","209,727","3,9"
TRX3088121,19/01/2022,94743,Kimia Farma - Apotek,Semarang,Jawa Tengah,"3,9",Melissa Williams,KF172,"Psycholeptics drugs, Hypnotics and sedatives drugs",2100,"0,13","0,1","2097,27","209,727","4,7"
TRX7928896,11/11/2022,80387,Kimia Farma - Apotek,Sibolga,Sumatera Utara,"4,9",Leslie Mcfarland,KF172,"Psycholeptics drugs, Hypnotics and sedatives drugs",2100,"0,13","0,1","2097,27","209,727","3,6"
TRX2915158,21/05/2021,82202,Kimia Farma - Apotek,Jambi,Jambi,"4,1",Jonathan Miller,KF172,"Psycholeptics drugs, Hypnotics and sedatives drugs",2100,"0,13","0,1","2097,27","209,727","4,6"
TRX2842671,12/01/2021,14756,Kimia Farma - Apotek,Ciamis,Jawa Barat,"4,3",Ashley Lawrence,KF172,"Psycholeptics drugs, Hypnotics and sedatives drugs",2100,"0,13","0,1","2097,27","209,727","4,7"
TRX6244916,13/05/2023,92115,Kimia Farma - Apotek,Purwakarta,Jawa Barat,"4,5",Adrienne King,KF172,"Psycholeptics drugs, Hypnotics and sedatives drugs",2100,"0,13","0,1","2097,27","209,727","3,5"
TRX1652913,07/07/2023,94743,Kimia Farma - Apotek,Semarang,Jawa Tengah,"3,9",David Holmes,KF172,"Psycholeptics drugs, Hypnotics and sedatives drugs",2100,"0,13","0,1","2097,27","209,727","4,1"
TRX7909945,10/05/2023,21909,Kimia Farma - Apotek,Lubuklinggau,Sumatera Selatan,"4,9",Michael Hughes,KF172,"Psycholeptics drugs, Hypnotics and sedatives drugs",2100,"0,13","0,1","2097,27","209,727","4,2"
TRX6250353,27/02/2022,34489,Kimia Farma - Apotek,Garut,Jawa Barat,"4,4",Erin Hernandez,KF172,"Psycholeptics drugs, Hypnotics and sedatives drugs",2100,"0,13","0,1","2097,27","209,727","4,9"
TRX9072285,10/01/2020,40699,Kimia Farma - Apotek,Surabaya,Jawa Timur,"4,1",Dustin Snow,KF172,"Psycholeptics drugs, Hypnotics and sedatives drugs",2100,"0,13","0,1","2097,27","209,727","3,3"
TRX7693867,04/03/2021,36671,Kimia Farma - Apotek,Deli Serdang,Sumatera Utara,"4,9",Gregory Potter,KF172,"Psycholeptics drugs, Hypnotics and sedatives drugs",2100,"0,13","0,1","2097,27","209,727","4,5"
TRX2550122,09/12/2023,65138,Kimia Farma - Apotek,Lubuklinggau,Sumatera Selatan,"4,5",Kelly Fletcher,KF172,"Psycholeptics drugs, Hypnotics and sedatives drugs",2100,"0,13","0,1","2097,27","209,727",4
TRX6616890,07/07/2021,52020,Kimia Farma - Apotek,Banda Aceh,Aceh,"4,4",Christina Brown,KF172,"Psycholeptics drugs, Hypnotics and sedatives drugs",2100,"0,13","0,1","2097,27","209,727","4,4"
TRX4711462,04/01/2021,67373,Kimia Farma - Apotek,Subang,Jawa Barat,"4,6",Dawn Thompson,KF172,"Psycholeptics drugs, Hypnotics and sedatives drugs",2100,"0,13","0,1","2097,27","209,727","4,3"
TRX5198309,31/05/2021,34030,Kimia Farma - Apotek,Solok,Sumatera Barat,"4,2",John Clark,KF172,"Psycholeptics drugs, Hypnotics and sedatives drugs",2100,"0,13","0,1","2097,27","209,727",4
TRX1571841,13/06/2023,56877,Kimia Farma - Apotek,Subang,Jawa Barat,"4,9",Jenna Le,KF172,"Psycholeptics drugs, Hypnotics and sedatives drugs",2100,"0,13","0,1","2097,27","209,727","4,4"
TRX4582088,11/04/2023,72693,Kimia Farma - Apotek,Jakarta,DKI Jakarta,"4,7",Joseph Davis,KF172,"Psycholeptics drugs, Hypnotics and sedatives drugs",2100,"0,13","0,1","2097,27","209,727","4,7"
TRX8508932,28/11/2023,49438,Kimia Farma - Apotek,Ternate,Maluku Utara,"4,9",Erin Hunter,KF172,"Psycholeptics drugs, Hypnotics and sedatives drugs",2100,"0,13","0,1","2097,27","209,727","4,9"
TRX8369733,06/11/2022,28401,Kimia Farma - Apotek,Magelang,Jawa Tengah,"3,9",Richard Gray,KF172,"Psycholeptics drugs, Hypnotics and sedatives drugs",2100,"0,13","0,1","2097,27","209,727","4,1"
TRX3273401,22/04/2021,13089,Kimia Farma - Apotek,Subang,Jawa Barat,"4,1",Joseph Martin,KF172,"Psycholeptics drugs, Hypnotics and sedatives drugs",2100,"0,13","0,1","2097,27","209,727","3,2"
TRX4611420,04/09/2023,91503,Kimia Farma - Apotek,Solok,Sumatera Barat,"4,1",Randall Gallagher,KF172,"Psycholeptics drugs, Hypnotics and sedatives drugs",2100,"0,13","0,1","2097,27","209,727","4,3"
TRX3056813,18/11/2022,40313,Kimia Farma - Apotek,Tasikmalaya,Jawa Barat,"4,8",Mark Willis,KF172,"Psycholeptics drugs, Hypnotics and sedatives drugs",2100,"0,13","0,1","2097,27","209,727","3,8"
TRX1022902,24/11/2021,21171,Kimia Farma - Apotek,Indramayu,Jawa Barat,4,Barbara Murray,KF172,"Psycholeptics drugs, Hypnotics and sedatives drugs",2100,"0,13","0,1","2097,27","209,727","4,4"
TRX1573383,08/10/2020,30203,Kimia Farma - Apotek,Pematangsiantar,Sumatera Utara,"4,8",Curtis Ramos,KF172,"Psycholeptics drugs, Hypnotics and sedatives drugs",2100,"0,13","0,1","2097,27","209,727","3,2"
TRX6832130,23/04/2021,50270,Kimia Farma - Apotek,Madiun,Jawa Timur,"4,5",Donald Smith,KF172,"Psycholeptics drugs, Hypnotics and sedatives drugs",2100,"0,13","0,1","2097,27","209,727",3
TRX4956766,04/08/2023,58928,Kimia Farma - Apotek,Solok,Sumatera Barat,4,Kristina Phelps,KF172,"Psycholeptics drugs, Hypnotics and sedatives drugs",2100,"0,13","0,1","2097,27","209,727","3,4"
TRX2091519,13/03/2020,47547,Kimia Farma - Apotek,Pontianak,Kalimantan Barat,"4,5",Barbara Miller,KF172,"Psycholeptics drugs, Hypnotics and sedatives drugs",2100,"0,13","0,1","2097,27","209,727","4,9"
TRX9344210,21/10/2023,64080,Kimia Farma - Apotek,Batam,Kepulauan Riau,"4,1",Teresa Wolfe,KF172,"Psycholeptics drugs, Hypnotics and sedatives drugs",2100,"0,13","0,1","2097,27","209,727","3,1"
TRX2926566,23/11/2020,55000,Kimia Farma - Apotek,Makassar,Sulawesi Selatan,4,Douglas Powell,KF172,"Psycholeptics drugs, Hypnotics and sedatives drugs",2100,"0,13","0,1","2097,27","209,727","3,9"
TRX7424848,28/07/2020,98560,Kimia Farma - Apotek,Tanjungpinang,Kepulauan Riau,"4,9",Amanda Grant,KF172,"Psycholeptics drugs, Hypnotics and sedatives drugs",2100,"0,13","0,1","2097,27","209,727","3,9"
TRX6370807,30/11/2021,21909,Kimia Farma - Apotek,Lubuklinggau,Sumatera Selatan,"4,9",Alison Nguyen,KF172,"Psycholeptics drugs, Hypnotics and sedatives drugs",2100,"0,13","0,1","2097,27","209,727","4,1"
TRX9003938,01/12/2022,75046,Kimia Farma - Apotek,Denpasar,Bali,"4,4",Michael Hartman,KF172,"Psycholeptics drugs, Hypnotics and sedatives drugs",2100,"0,13","0,1","2097,27","209,727","4,2"
TRX2468539,08/12/2020,72693,Kimia Farma - Apotek,Jakarta,DKI Jakarta,"4,7",Robert Butler,KF172,"Psycholeptics drugs, Hypnotics and sedatives drugs",2100,"0,13","0,1","2097,27","209,727","4,6"
TRX9785597,15/11/2020,42307,Kimia Farma - Apotek,Dumai,Riau,"4,6",David Garza,KF172,"Psycholeptics drugs, Hypnotics and sedatives drugs",2100,"0,13","0,1","2097,27","209,727","4,7"
TRX6793667,30/04/2022,14798,Kimia Farma - Apotek,Deli Serdang,Sumatera Utara,"4,4",Jessica Thomas,KF172,"Psycholeptics drugs, Hypnotics and sedatives drugs",2100,"0,13","0,1","2097,27","209,727","3,1"
TRX7112770,15/05/2023,49606,Kimia Farma - Apotek,Palu,Sulawesi Tengah,"4,6",Karen Fitzgerald,KF172,"Psycholeptics drugs, Hypnotics and sedatives drugs",2100,"0,13","0,1","2097,27","209,727","3,8"
TRX9799516,11/08/2021,25432,Kimia Farma - Apotek,Cirebon,Jawa Barat,"4,2",Laura Davis,KF172,"Psycholeptics drugs, Hypnotics and sedatives drugs",2100,"0,13","0,1","2097,27","209,727","4,1"
TRX6403480,17/04/2023,58354,Kimia Farma - Apotek,Bitung,Sulawesi Utara,"4,2",Marcus Carey,KF172,"Psycholeptics drugs, Hypnotics and sedatives drugs",2100,"0,13","0,1","2097,27","209,727",5
TRX5860032,14/07/2021,31305,Kimia Farma - Apotek,Sibolga,Sumatera Utara,"4,2",Jessica Weaver,KF172,"Psycholeptics drugs, Hypnotics and sedatives drugs",2100,"0,13","0,1","2097,27","209,727",3
TRX4748450,25/05/2020,16158,Kimia Farma - Apotek,Subang,Jawa Barat,5,Jermaine Walsh,KF172,"Psycholeptics drugs, Hypnotics and sedatives drugs",2100,"0,13","0,1","2097,27","209,727","3,1"
TRX6421457,30/06/2020,50780,Kimia Farma - Apotek,Bitung,Sulawesi Utara,"4,8",Michael Mathis,KF172,"Psycholeptics drugs, Hypnotics and sedatives drugs",2100,"0,13","0,1","2097,27","209,727","3,6"
TRX2361888,14/05/2021,73569,Kimia Farma - Apotek,Madiun,Jawa Timur,"4,4",Steven Beck,KF172,"Psycholeptics drugs, Hypnotics and sedatives drugs",2100,"0,13","0,1","2097,27","209,727","4,4"
TRX6128442,31/12/2021,13345,Kimia Farma - Apotek,Indramayu,Jawa Barat,"4,8",Adam White,KF172,"Psycholeptics drugs, Hypnotics and sedatives drugs",2100,"0,13","0,1","2097,27","209,727","4,8"
TRX6014364,03/04/2023,19429,Kimia Farma - Apotek,Jambi,Jambi,"4,4",Jessica Miller,KF172,"Psycholeptics drugs, Hypnotics and sedatives drugs",2100,"0,13","0,1","2097,27","209,727","4,1"
TRX4957995,05/08/2022,13307,Kimia Farma - Apotek,Jambi,Jambi,"4,7",James Giles,KF172,"Psycholeptics drugs, Hypnotics and sedatives drugs",2100,"0,13","0,1","2097,27","209,727","4,6"
TRX1511838,22/09/2023,92755,Kimia Farma - Apotek,Bekasi,Jawa Barat,5,Laura Torres,KF172,"Psycholeptics drugs, Hypnotics and sedatives drugs",2100,"0,13","0,1","2097,27","209,727","4,7"
TRX4207750,25/02/2023,98581,Kimia Farma - Apotek,Subang,Jawa Barat,"4,5",Megan Ashley,KF172,"Psycholeptics drugs, Hypnotics and sedatives drugs",2100,"0,13","0,1","2097,27","209,727","3,1"
TRX5632923,02/06/2023,34829,Kimia Farma - Apotek,Lubuklinggau,Sumatera Selatan,"4,5",Amy Hayden,KF172,"Psycholeptics drugs, Hypnotics and sedatives drugs",2100,"0,13","0,1","2097,27","209,727","3,2"
TRX3162683,06/10/2020,98041,Kimia Farma - Apotek,Tomohon,Sulawesi Utara,"4,5",Julie Bartlett,KF172,"Psycholeptics drugs, Hypnotics and sedatives drugs",2100,"0,13","0,1","2097,27","209,727","4,8"
TRX4173979,04/09/2022,24277,Kimia Farma - Apotek,Lhokseumawe,Aceh,"4,2",Philip Byrd,KF172,"Psycholeptics drugs, Hypnotics and sedatives drugs",2100,"0,13","0,1","2097,27","209,727",4
TRX6605719,20/01/2020,62707,Kimia Farma - Apotek,Mataram,Nusa Tenggara Barat,5,Kristen Dalton,KF172,"Psycholeptics drugs, Hypnotics and sedatives drugs",2100,"0,13","0,1","2097,27","209,727","4,9"
TRX9159903,06/03/2022,99697,Kimia Farma - Apotek,Subang,Jawa Barat,"4,8",Charles Robinson,KF172,"Psycholeptics drugs, Hypnotics and sedatives drugs",2100,"0,13","0,1","2097,27","209,727","3,3"
TRX8202321,31/12/2022,53257,Kimia Farma - Apotek,Cikampek,Jawa Barat,"4,7",Matthew Salazar,KF172,"Psycholeptics drugs, Hypnotics and sedatives drugs",2100,"0,13","0,1","2097,27","209,727","3,7"
TRX6850160,14/05/2022,52680,Kimia Farma - Apotek,Purwokerto,Jawa Tengah,"4,3",Tracy Oneill,KF172,"Psycholeptics drugs, Hypnotics and sedatives drugs",2100,"0,13","0,1","2097,27","209,727","4,2"
TRX8120421,22/10/2020,73158,Kimia Farma - Apotek,Tomohon,Sulawesi Utara,"4,7",Megan Holmes,KF172,"Psycholeptics drugs, Hypnotics and sedatives drugs",2100,"0,13","0,1","2097,27","209,727","4,4"
TRX4839994,19/10/2022,12027,Kimia Farma - Apotek,Pangkalpinang,Bangka Belitung,"4,8",Courtney King,KF172,"Psycholeptics drugs, Hypnotics and sedatives drugs",2100,"0,13","0,1","2097,27","209,727","3,2"
TRX1278016,15/01/2022,25624,Kimia Farma - Apotek,Semarang,Jawa Tengah,"4,3",Beverly Gonzales,KF172,"Psycholeptics drugs, Hypnotics and sedatives drugs",2100,"0,13","0,1","2097,27","209,727","3,6"
TRX9123912,15/04/2021,92582,Kimia Farma - Apotek,Sibolga,Sumatera Utara,"4,4",Emily Santos,KF172,"Psycholeptics drugs, Hypnotics and sedatives drugs",2100,"0,13","0,1","2097,27","209,727",4
TRX3738597,09/05/2020,41343,Kimia Farma - Apotek,Semarang,Jawa Tengah,4,Jose Thompson,KF172,"Psycholeptics drugs, Hypnotics and sedatives drugs",2100,"0,13","0,1","2097,27","209,727","4,4"
TRX3930658,10/05/2020,92582,Kimia Farma - Apotek,Sibolga,Sumatera Utara,"4,4",John Miller,KF172,"Psycholeptics drugs, Hypnotics and sedatives drugs",2100,"0,13","0,1","2097,27","209,727","4,5"
TRX4911429,25/04/2021,36953,Kimia Farma - Apotek,Cilacap,Jawa Tengah,5,Lisa Hill,KF172,"Psycholeptics drugs, Hypnotics and sedatives drugs",2100,"0,12","0,1","2097,48","209,748","3,1"
TRX8899032,21/08/2023,67859,Kimia Farma - Apotek,Karawang,Jawa Barat,"4,5",Jenna Romero,KF172,"Psycholeptics drugs, Hypnotics and sedatives drugs",2100,"0,12","0,1","2097,48","209,748","3,5"
TRX2356954,14/06/2022,52192,Kimia Farma - Apotek,Karawang,Jawa Barat,"4,2",Matthew Patterson,KF172,"Psycholeptics drugs, Hypnotics and sedatives drugs",2100,"0,12","0,1","2097,48","209,748","4,3"
TRX9165558,14/02/2021,73710,Kimia Farma - Apotek,Probolinggo,Jawa Timur,4,Tammy Anderson,KF172,"Psycholeptics drugs, Hypnotics and sedatives drugs",2100,"0,12","0,1","2097,48","209,748",3
TRX1314619,24/07/2023,73925,Kimia Farma - Apotek,Gorontalo,Gorontalo,"4,6",Erik Gregory,KF172,"Psycholeptics drugs, Hypnotics and sedatives drugs",2100,"0,12","0,1","2097,48","209,748","3,5"
TRX1316646,23/04/2021,49927,Kimia Farma - Apotek,Surabaya,Jawa Timur,"4,1",Dorothy Weiss,KF172,"Psycholeptics drugs, Hypnotics and sedatives drugs",2100,"0,12","0,1","2097,48","209,748","4,7"
TRX3975591,01/06/2022,66847,Kimia Farma - Apotek,Gorontalo,Gorontalo,"4,4",Deanna Jenkins,KF172,"Psycholeptics drugs, Hypnotics and sedatives drugs",2100,"0,12","0,1","2097,48","209,748","4,3"
TRX9822905,26/01/2021,15949,Kimia Farma - Apotek,Gorontalo,Gorontalo,"4,6",Ryan Potter,KF172,"Psycholeptics drugs, Hypnotics and sedatives drugs",2100,"0,12","0,1","2097,48","209,748","4,5"
TRX5314788,08/04/2022,80673,Kimia Farma - Apotek,Kendari,Sulawesi Tenggara,"4,6",Amy Lopez,KF172,"Psycholeptics drugs, Hypnotics and sedatives drugs",2100,"0,12","0,1","2097,48","209,748","4,2"
TRX7318050,25/09/2021,58132,Kimia Farma - Apotek,Padang Sidempuan,Sumatera Utara,"4,5",Judy Jones,KF172,"Psycholeptics drugs, Hypnotics and sedatives drugs",2100,"0,12","0,1","2097,48","209,748",3
TRX5514848,28/09/2021,20505,Kimia Farma - Apotek,Cilacap,Jawa Tengah,"4,5",Elizabeth Campbell,KF172,"Psycholeptics drugs, Hypnotics and sedatives drugs",2100,"0,12","0,1","2097,48","209,748",4
TRX1843550,06/04/2022,71367,Kimia Farma - Apotek,Dumai,Riau,"4,2",Kelsey Ryan,KF172,"Psycholeptics drugs, Hypnotics and sedatives drugs",2100,"0,12","0,1","2097,48","209,748","4,1"
TRX1363889,27/10/2021,33006,Kimia Farma - Apotek,Karawang,Jawa Barat,"4,7",Mark Nunez,KF172,"Psycholeptics drugs, Hypnotics and sedatives drugs",2100,"0,12","0,1","2097,48","209,748","4,4"
TRX8282029,17/07/2023,49927,Kimia Farma - Apotek,Surabaya,Jawa Timur,"4,1",Elizabeth Garcia,KF172,"Psycholeptics drugs, Hypnotics and sedatives drugs",2100,"0,12","0,1","2097,48","209,748","4,3"
TRX3909772,04/07/2022,98818,Kimia Farma - Apotek,Manado,Sulawesi Utara,"4,6",Tina Armstrong,KF172,"Psycholeptics drugs, Hypnotics and sedatives drugs",2100,"0,12","0,1","2097,48","209,748","3,8"
TRX8850089,23/05/2021,40552,Kimia Farma - Apotek,Pematangsiantar,Sumatera Utara,"4,6",Brandy Jones,KF172,"Psycholeptics drugs, Hypnotics and sedatives drugs",2100,"0,12","0,1","2097,48","209,748",4
TRX4195848,31/03/2022,59220,Kimia Farma - Apotek,Purwokerto,Jawa Tengah,"4,2",Katherine Kelley,KF172,"Psycholeptics drugs, Hypnotics and sedatives drugs",2100,"0,12","0,1","2097,48","209,748","4,3"
TRX5286400,18/11/2022,47175,Kimia Farma - Apotek,Bekasi,Jawa Barat,"4,9",Jessica Mack,KF172,"Psycholeptics drugs, Hypnotics and sedatives drugs",2100,"0,12","0,1","2097,48","209,748","4,5"
TRX8363520,19/05/2022,26081,Kimia Farma - Apotek,Langsa,Aceh,"4,2",Ashley Simpson,KF172,"Psycholeptics drugs, Hypnotics and sedatives drugs",2100,"0,12","0,1","2097,48","209,748","3,4"
TRX2836000,20/10/2020,63103,Kimia Farma - Apotek,Pematangsiantar,Sumatera Utara,5,Karen Thomas,KF172,"Psycholeptics drugs, Hypnotics and sedatives drugs",2100,"0,12","0,1","2097,48","209,748","3,4"
TRX1811001,31/08/2022,50821,Kimia Farma - Apotek,Deli Serdang,Sumatera Utara,"4,5",Kenneth Houston,KF172,"Psycholeptics drugs, Hypnotics and sedatives drugs",2100,"0,12","0,1","2097,48","209,748","4,2"
TRX7181223,15/12/2023,14798,Kimia Farma - Apotek,Deli Serdang,Sumatera Utara,"4,4",Joseph Leonard,KF172,"Psycholeptics drugs, Hypnotics and sedatives drugs",2100,"0,12","0,1","2097,48","209,748","3,8"
TRX7361021,21/11/2022,49403,Kimia Farma - Apotek,Kuningan,Jawa Barat,"3,9",Dr. Angela Conley,KF172,"Psycholeptics drugs, Hypnotics and sedatives drugs",2100,"0,12","0,1","2097,48","209,748","4,7"
TRX9228368,21/06/2023,94905,Kimia Farma - Apotek,Pangkalpinang,Bangka Belitung,"4,5",Ricky Reyes,KF172,"Psycholeptics drugs, Hypnotics and sedatives drugs",2100,"0,12","0,1","2097,48","209,748","3,6"
TRX6971525,09/04/2021,27679,Kimia Farma - Apotek,Batam,Kepulauan Riau,4,Brenda Hanson DVM,KF172,"Psycholeptics drugs, Hypnotics and sedatives drugs",2100,"0,12","0,1","2097,48","209,748","3,8"
TRX2336428,05/06/2020,45422,Kimia Farma - Apotek,Ternate,Maluku Utara,"3,9",Jill Richmond,KF172,"Psycholeptics drugs, Hypnotics and sedatives drugs",2100,"0,12","0,1","2097,48","209,748","4,5"
TRX8023911,14/11/2022,69471,Kimia Farma - Apotek,Probolinggo,Jawa Timur,"4,8",Joseph Reyes,KF172,"Psycholeptics drugs, Hypnotics and sedatives drugs",2100,"0,12","0,1","2097,48","209,748","3,1"
TRX9026190,06/03/2020,41451,Kimia Farma - Apotek,Sukabumi,Jawa Barat,"4,6",Susan Wright,KF172,"Psycholeptics drugs, Hypnotics and sedatives drugs",2100,"0,12","0,1","2097,48","209,748",4
TRX2913304,03/05/2022,82636,Kimia Farma - Apotek,Palu,Sulawesi Tengah,"4,7",Adrian Gates,KF172,"Psycholeptics drugs, Hypnotics and sedatives drugs",2100,"0,12","0,1","2097,48","209,748","3,1"
TRX8752696,27/12/2023,34829,Kimia Farma - Apotek,Lubuklinggau,Sumatera Selatan,"4,5",Jessica Smith,KF172,"Psycholeptics drugs, Hypnotics and sedatives drugs",2100,"0,12","0,1","2097,48","209,748","3,5"
TRX6210600,26/09/2021,20102,Kimia Farma - Apotek,Pekanbaru,Riau,"4,3",Alan Henson,KF172,"Psycholeptics drugs, Hypnotics and sedatives drugs",2100,"0,12","0,1","2097,48","209,748","3,5"
TRX1607944,25/01/2021,31737,Kimia Farma - Apotek,Mataram,Nusa Tenggara Barat,"4,2",Micheal Byrd,KF172,"Psycholeptics drugs, Hypnotics and sedatives drugs",2100,"0,12","0,1","2097,48","209,748","3,7"
TRX4315012,09/02/2023,12027,Kimia Farma - Apotek,Pangkalpinang,Bangka Belitung,"4,8",Shelly Gomez,KF172,"Psycholeptics drugs, Hypnotics and sedatives drugs",2100,"0,12","0,1","2097,48","209,748","4,3"
TRX4867357,16/11/2022,26081,Kimia Farma - Apotek,Langsa,Aceh,"4,2",Daniel Smith,KF172,"Psycholeptics drugs, Hypnotics and sedatives drugs",2100,"0,12","0,1","2097,48","209,748","4,3"
TRX2404812,12/06/2020,26269,Kimia Farma - Apotek,Garut,Jawa Barat,4,Katrina Collins,KF172,"Psycholeptics drugs, Hypnotics and sedatives drugs",2100,"0,12","0,1","2097,48","209,748","3,3"
TRX3767405,11/01/2022,42307,Kimia Farma - Apotek,Dumai,Riau,"4,6",Suzanne Stevens,KF172,"Psycholeptics drugs, Hypnotics and sedatives drugs",2100,"0,12","0,1","2097,48","209,748","3,9"
TRX6840498,16/05/2020,35860,Kimia Farma - Apotek,Bekasi,Jawa Barat,"4,2",Phillip Daugherty,KF172,"Psycholeptics drugs, Hypnotics and sedatives drugs",2100,"0,12","0,1","2097,48","209,748","4,1"
TRX5265994,13/02/2023,29460,Kimia Farma - Apotek,Ciamis,Jawa Barat,"4,5",Kyle Warren,KF172,"Psycholeptics drugs, Hypnotics and sedatives drugs",2100,"0,12","0,1","2097,48","209,748","4,7"
TRX9843206,04/03/2021,14495,Kimia Farma - Apotek,Banjarmasin,Kalimantan Selatan,"4,8",John Anderson,KF172,"Psycholeptics drugs, Hypnotics and sedatives drugs",2100,"0,12","0,1","2097,48","209,748",5
TRX3968431,07/11/2020,45962,Kimia Farma - Apotek,Tasikmalaya,Jawa Barat,"4,4",Mary Mills,KF172,"Psycholeptics drugs, Hypnotics and sedatives drugs",2100,"0,12","0,1","2097,48","209,748","4,1"
TRX4593745,27/02/2021,98041,Kimia Farma - Apotek,Tomohon,Sulawesi Utara,"4,5",Deanna Smith,KF172,"Psycholeptics drugs, Hypnotics and sedatives drugs",2100,"0,12","0,1","2097,48","209,748","3,6"
TRX2523140,29/11/2020,42922,Kimia Farma - Apotek,Palangkaraya,Kalimantan Tengah,"4,1",Karen Nunez,KF172,"Psycholeptics drugs, Hypnotics and sedatives drugs",2100,"0,12","0,1","2097,48","209,748","4,6"
TRX6487170,22/04/2020,30291,Kimia Farma - Apotek,Manado,Sulawesi Utara,"4,9",Cindy Rodgers,KF172,"Psycholeptics drugs, Hypnotics and sedatives drugs",2100,"0,12","0,1","2097,48","209,748","4,7"
TRX1952347,16/06/2023,30282,Kimia Farma - Apotek,Ciamis,Jawa Barat,"4,4",Matthew Case,KF172,"Psycholeptics drugs, Hypnotics and sedatives drugs",2100,"0,12","0,1","2097,48","209,748","3,4"
TRX5015096,20/10/2021,73969,Kimia Farma - Apotek,Deli Serdang,Sumatera Utara,"4,1",Michael Herrera,KF172,"Psycholeptics drugs, Hypnotics and sedatives drugs",2100,"0,12","0,1","2097,48","209,748","3,4"
TRX8640418,06/06/2022,29922,Kimia Farma - Apotek,Purwokerto,Jawa Tengah,"3,9",Stephanie Jenkins,KF172,"Psycholeptics drugs, Hypnotics and sedatives drugs",2100,"0,12","0,1","2097,48","209,748","4,8"
TRX2994397,05/10/2020,90726,Kimia Farma - Apotek,Sukabumi,Jawa Barat,"4,8",Alexandra Maldonado,KF172,"Psycholeptics drugs, Hypnotics and sedatives drugs",2100,"0,12","0,1","2097,48","209,748","3,2"
TRX2452922,20/01/2020,85280,Kimia Farma - Apotek,Banda Aceh,Aceh,4,Luis Wright,KF172,"Psycholeptics drugs, Hypnotics and sedatives drugs",2100,"0,12","0,1","2097,48","209,748",4
TRX5531596,29/06/2023,89154,Kimia Farma - Apotek,Palembang,Sumatera Selatan,"4,5",Peter Haynes,KF172,"Psycholeptics drugs, Hypnotics and sedatives drugs",2100,"0,12","0,1","2097,48","209,748","3,6"
TRX2416951,05/03/2022,36256,Kimia Farma - Apotek,Sukabumi,Jawa Barat,"4,1",Nicole Taylor,KF172,"Psycholeptics drugs, Hypnotics and sedatives drugs",2100,"0,12","0,1","2097,48","209,748","3,7"
TRX5791727,14/01/2022,12174,Kimia Farma - Apotek,Pangkalpinang,Bangka Belitung,"4,7",Andrea Marshall,KF172,"Psycholeptics drugs, Hypnotics and sedatives drugs",2100,"0,12","0,1","2097,48","209,748",4
TRX3758291,05/11/2023,92115,Kimia Farma - Apotek,Purwakarta,Jawa Barat,"4,5",Gerald Sanchez,KF172,"Psycholeptics drugs, Hypnotics and sedatives drugs",2100,"0,12","0,1","2097,48","209,748","4,9"
TRX5408639,18/06/2021,12333,Kimia Farma - Apotek,Tarakan,Kalimantan Utara,"4,6",Ethan Rose,KF172,"Psycholeptics drugs, Hypnotics and sedatives drugs",2100,"0,12","0,1","2097,48","209,748","3,4"
TRX6567646,05/03/2021,85280,Kimia Farma - Apotek,Banda Aceh,Aceh,4,Priscilla Garcia,KF172,"Psycholeptics drugs, Hypnotics and sedatives drugs",2100,"0,12","0,1","2097,48","209,748",4
TRX2787358,07/07/2023,14799,Kimia Farma - Apotek,Ambon,Maluku,"4,6",Kirk Carson,KF172,"Psycholeptics drugs, Hypnotics and sedatives drugs",2100,"0,12","0,1","2097,48","209,748","4,1"
TRX4581648,23/07/2023,33488,Kimia Farma - Apotek,Denpasar,Bali,"4,8",Richard Hamilton,KF172,"Psycholeptics drugs, Hypnotics and sedatives drugs",2100,"0,12","0,1","2097,48","209,748","4,6"
TRX9427538,26/03/2021,88832,Kimia Farma - Apotek,Jakarta,DKI Jakarta,"4,2",Dennis Nunez,KF172,"Psycholeptics drugs, Hypnotics and sedatives drugs",2100,"0,12","0,1","2097,48","209,748","4,7"
TRX8719087,23/09/2022,36671,Kimia Farma - Apotek,Deli Serdang,Sumatera Utara,"4,9",Donna Hunter,KF172,"Psycholeptics drugs, Hypnotics and sedatives drugs",2100,"0,12","0,1","2097,48","209,748","3,2"
TRX6216925,11/03/2021,36953,Kimia Farma - Apotek,Cilacap,Jawa Tengah,5,Mary Delgado,KF172,"Psycholeptics drugs, Hypnotics and sedatives drugs",2100,"0,12","0,1","2097,48","209,748","4,1"
TRX5155632,09/11/2021,36450,Kimia Farma - Apotek,Indramayu,Jawa Barat,"4,5",Keith Shea,KF172,"Psycholeptics drugs, Hypnotics and sedatives drugs",2100,"0,12","0,1","2097,48","209,748","4,9"
TRX4677055,16/12/2022,61789,Kimia Farma - Apotek,Tasikmalaya,Jawa Barat,4,Mr. Nathan Mcfarland MD,KF172,"Psycholeptics drugs, Hypnotics and sedatives drugs",2100,"0,12","0,1","2097,48","209,748",5
TRX1487866,17/11/2021,48667,Kimia Farma - Apotek,Cikampek,Jawa Barat,"4,2",April Mendoza,KF172,"Psycholeptics drugs, Hypnotics and sedatives drugs",2100,"0,12","0,1","2097,48","209,748","3,5"
TRX5478052,19/04/2023,57562,Kimia Farma - Apotek,Probolinggo,Jawa Timur,5,Denise Martinez,KF172,"Psycholeptics drugs, Hypnotics and sedatives drugs",2100,"0,12","0,1","2097,48","209,748","3,8"
TRX1100882,03/06/2020,17437,Kimia Farma - Apotek,Karawang,Jawa Barat,"4,2",Donna Everett,KF172,"Psycholeptics drugs, Hypnotics and sedatives drugs",2100,"0,12","0,1","2097,48","209,748","4,8"
TRX3688255,05/05/2021,56380,Kimia Farma - Apotek,Gorontalo,Gorontalo,"4,1",Peter Vargas,KF172,"Psycholeptics drugs, Hypnotics and sedatives drugs",2100,"0,12","0,1","2097,48","209,748","3,6"
TRX1599685,09/04/2021,71378,Kimia Farma - Apotek,Gorontalo,Gorontalo,"4,5",Mr. Joseph Lucero,KF172,"Psycholeptics drugs, Hypnotics and sedatives drugs",2100,"0,12","0,1","2097,48","209,748","3,6"
TRX6763774,18/03/2023,77512,Kimia Farma - Apotek,Cirebon,Jawa Barat,"4,5",Brian Brown,KF172,"Psycholeptics drugs, Hypnotics and sedatives drugs",2100,"0,12","0,1","2097,48","209,748","4,4"
TRX9912572,05/02/2022,25572,Kimia Farma - Apotek,Bontang,Kalimantan Timur,"3,9",Jose Luna,KF172,"Psycholeptics drugs, Hypnotics and sedatives drugs",2100,"0,12","0,1","2097,48","209,748","4,7"
TRX9315702,25/11/2021,21583,Kimia Farma - Apotek,Ciamis,Jawa Barat,"4,9",Jody Petersen,KF172,"Psycholeptics drugs, Hypnotics and sedatives drugs",2100,"0,12","0,1","2097,48","209,748","4,7"
TRX1834271,02/01/2023,29203,Kimia Farma - Apotek,Tasikmalaya,Jawa Barat,"4,3",Joshua Horton,KF172,"Psycholeptics drugs, Hypnotics and sedatives drugs",2100,"0,12","0,1","2097,48","209,748","3,8"
TRX2510768,14/06/2022,13831,Kimia Farma - Apotek,Tebing Tinggi,Sumatera Utara,"4,1",Tiffany Acosta,KF172,"Psycholeptics drugs, Hypnotics and sedatives drugs",2100,"0,12","0,1","2097,48","209,748","4,2"
TRX6465281,25/05/2023,25432,Kimia Farma - Apotek,Cirebon,Jawa Barat,"4,2",Kayla Johnson,KF172,"Psycholeptics drugs, Hypnotics and sedatives drugs",2100,"0,12","0,1","2097,48","209,748","4,3"
TRX8158125,05/05/2020,14469,Kimia Farma - Apotek,Purwokerto,Jawa Tengah,5,Robin White,KF172,"Psycholeptics drugs, Hypnotics and sedatives drugs",2100,"0,12","0,1","2097,48","209,748","4,4"
TRX5921941,14/05/2020,14469,Kimia Farma - Apotek,Purwokerto,Jawa Tengah,5,Alexandria Mendez,KF172,"Psycholeptics drugs, Hypnotics and sedatives drugs",2100,"0,12","0,1","2097,48","209,748","3,9"
TRX9244432,09/02/2021,99735,Kimia Farma - Apotek,Banda Aceh,Aceh,"4,1",Chelsea Mendez,KF172,"Psycholeptics drugs, Hypnotics and sedatives drugs",2100,"0,12","0,1","2097,48","209,748","4,5"
TRX2091591,31/10/2021,61194,Kimia Farma - Apotek,Jakarta,DKI Jakarta,"4,2",Larry Oneal,KF172,"Psycholeptics drugs, Hypnotics and sedatives drugs",2100,"0,12","0,1","2097,48","209,748","3,7"
TRX6924987,02/09/2022,71130,Kimia Farma - Apotek,Probolinggo,Jawa Timur,4,Marilyn Dunn,KF172,"Psycholeptics drugs, Hypnotics and sedatives drugs",2100,"0,12","0,1","2097,48","209,748",4
TRX6070846,28/03/2023,43614,Kimia Farma - Apotek,Cikampek,Jawa Barat,"4,5",Madison Ross,KF172,"Psycholeptics drugs, Hypnotics and sedatives drugs",2100,"0,12","0,1","2097,48","209,748","4,9"
TRX4016045,18/10/2022,35019,Kimia Farma - Apotek,Banjarmasin,Kalimantan Selatan,5,Gregory Brown,KF172,"Psycholeptics drugs, Hypnotics and sedatives drugs",2100,"0,12","0,1","2097,48","209,748","4,4"
TRX2364614,15/03/2021,22086,Kimia Farma - Apotek,Tanjungpinang,Kepulauan Riau,"4,2",Sandra Davis,KF172,"Psycholeptics drugs, Hypnotics and sedatives drugs",2100,"0,12","0,1","2097,48","209,748","4,9"
TRX7147160,19/11/2021,33488,Kimia Farma - Apotek,Denpasar,Bali,"4,8",Charles Sanchez,KF172,"Psycholeptics drugs, Hypnotics and sedatives drugs",2100,"0,11","0,1","2097,69","209,769","4,3"
TRX6648260,30/11/2022,67859,Kimia Farma - Apotek,Karawang,Jawa Barat,"4,5",Andrew Lambert,KF172,"Psycholeptics drugs, Hypnotics and sedatives drugs",2100,"0,11","0,1","2097,69","209,769","4,7"
TRX9510043,26/11/2023,96210,Kimia Farma - Apotek,Padang Sidempuan,Sumatera Utara,"4,1",Michael Hester,KF172,"Psycholeptics drugs, Hypnotics and sedatives drugs",2100,"0,11","0,1","2097,69","209,769","4,6"
TRX2438830,06/06/2020,41012,Kimia Farma - Apotek,Payakumbuh,Sumatera Barat,"4,2",Mr. Richard Rodriguez,KF172,"Psycholeptics drugs, Hypnotics and sedatives drugs",2100,"0,11","0,1","2097,69","209,769","4,2"
TRX3948351,27/09/2023,99281,Kimia Farma - Apotek,Dumai,Riau,"4,2",Ann Robinson,KF172,"Psycholeptics drugs, Hypnotics and sedatives drugs",2100,"0,11","0,1","2097,69","209,769","4,8"
TRX4745151,20/09/2022,87969,Kimia Farma - Apotek,Sukabumi,Jawa Barat,"4,4",Frank Hernandez,KF172,"Psycholeptics drugs, Hypnotics and sedatives drugs",2100,"0,11","0,1","2097,69","209,769",3
TRX9113063,15/04/2020,90913,Kimia Farma - Apotek,Gorontalo,Gorontalo,"4,8",Sean Robertson,KF172,"Psycholeptics drugs, Hypnotics and sedatives drugs",2100,"0,11","0,1","2097,69","209,769","3,3"
TRX8390379,10/07/2023,61764,Kimia Farma - Apotek,Kupang,Nusa Tenggara Timur,"4,7",Cory Berger,KF172,"Psycholeptics drugs, Hypnotics and sedatives drugs",2100,"0,11","0,1","2097,69","209,769","4,4"
TRX7140453,23/08/2022,17437,Kimia Farma - Apotek,Karawang,Jawa Barat,"4,2",Dr. John Martinez,KF172,"Psycholeptics drugs, Hypnotics and sedatives drugs",2100,"0,11","0,1","2097,69","209,769","3,7"
TRX5063997,10/02/2023,47344,Kimia Farma - Apotek,Tanjungpinang,Kepulauan Riau,"4,9",Aaron Cox,KF172,"Psycholeptics drugs, Hypnotics and sedatives drugs",2100,"0,11","0,1","2097,69","209,769","4,1"
TRX3833775,22/12/2021,44155,Kimia Farma - Apotek,Jayapura,Papua,5,Johnny Trujillo,KF172,"Psycholeptics drugs, Hypnotics and sedatives drugs",2100,"0,11","0,1","2097,69","209,769","4,1"
TRX9169543,16/03/2020,31706,Kimia Farma - Apotek,Cirebon,Jawa Barat,"4,1",Maria Brooks,KF172,"Psycholeptics drugs, Hypnotics and sedatives drugs",2100,"0,11","0,1","2097,69","209,769",3
TRX9815706,15/12/2022,44632,Kimia Farma - Apotek,Mataram,Nusa Tenggara Barat,"4,5",Tara Mcgee,KF172,"Psycholeptics drugs, Hypnotics and sedatives drugs",2100,"0,11","0,1","2097,69","209,769","3,4"
TRX7737392,07/11/2020,86446,Kimia Farma - Apotek,Bitung,Sulawesi Utara,"4,1",Kelsey Nguyen,KF172,"Psycholeptics drugs, Hypnotics and sedatives drugs",2100,"0,11","0,1","2097,69","209,769","3,9"
TRX3855605,07/09/2023,96742,Kimia Farma - Apotek,Garut,Jawa Barat,"4,4",Heather Higgins,KF172,"Psycholeptics drugs, Hypnotics and sedatives drugs",2100,"0,11","0,1","2097,69","209,769","4,3"
TRX4023153,11/02/2020,82202,Kimia Farma - Apotek,Jambi,Jambi,"4,1",Nicholas Williams,KF172,"Psycholeptics drugs, Hypnotics and sedatives drugs",2100,"0,11","0,1","2097,69","209,769","4,4"
TRX7698077,03/01/2023,65902,Kimia Farma - Apotek,Balikpapan,Kalimantan Timur,"4,2",James Williams,KF172,"Psycholeptics drugs, Hypnotics and sedatives drugs",2100,"0,11","0,1","2097,69","209,769","4,9"
TRX7755894,16/01/2021,28422,Kimia Farma - Apotek,Pariaman,Sumatera Barat,"3,9",Deborah Jensen,KF172,"Psycholeptics drugs, Hypnotics and sedatives drugs",2100,"0,11","0,1","2097,69","209,769","3,1"
TRX9463687,29/12/2021,56576,Kimia Farma - Apotek,Padang,Sumatera Barat,"4,2",Carlos Myers,KF172,"Psycholeptics drugs, Hypnotics and sedatives drugs",2100,"0,11","0,1","2097,69","209,769","3,8"
TRX3580686,13/03/2022,53959,Kimia Farma - Apotek,Ternate,Maluku Utara,"3,9",Rebecca Hancock,KF172,"Psycholeptics drugs, Hypnotics and sedatives drugs",2100,"0,11","0,1","2097,69","209,769","4,3"
TRX4170193,12/09/2021,27998,Kimia Farma - Apotek,Padang Sidempuan,Sumatera Utara,"4,3",Bruce Schneider,KF172,"Psycholeptics drugs, Hypnotics and sedatives drugs",2100,"0,11","0,1","2097,69","209,769",4
TRX8238209,06/08/2023,55386,Kimia Farma - Apotek,Cilacap,Jawa Tengah,"4,3",Meredith Waters,KF172,"Psycholeptics drugs, Hypnotics and sedatives drugs",2100,"0,11","0,1","2097,69","209,769","4,5"
TRX6341571,29/01/2023,36721,Kimia Farma - Apotek,Garut,Jawa Barat,"4,9",Jessica Jensen,KF172,"Psycholeptics drugs, Hypnotics and sedatives drugs",2100,"0,11","0,1","2097,69","209,769","4,9"
TRX3065273,07/12/2021,87583,Kimia Farma - Apotek,Surabaya,Jawa Timur,"4,6",Melissa Paul,KF172,"Psycholeptics drugs, Hypnotics and sedatives drugs",2100,"0,11","0,1","2097,69","209,769","3,9"
TRX1273498,16/06/2020,37995,Kimia Farma - Apotek,Probolinggo,Jawa Timur,"4,4",Mark Huff,KF172,"Psycholeptics drugs, Hypnotics and sedatives drugs",2100,"0,11","0,1","2097,69","209,769","3,2"
TRX5427195,11/01/2020,31737,Kimia Farma - Apotek,Mataram,Nusa Tenggara Barat,"4,2",Darryl Stone,KF172,"Psycholeptics drugs, Hypnotics and sedatives drugs",2100,"0,11","0,1","2097,69","209,769","4,1"
TRX2133418,21/10/2021,35746,Kimia Farma - Apotek,Surabaya,Jawa Timur,"4,5",Keith Garcia,KF172,"Psycholeptics drugs, Hypnotics and sedatives drugs",2100,"0,11","0,1","2097,69","209,769","3,1"
TRX1580128,26/03/2021,37584,Kimia Farma - Apotek,Karawang,Jawa Barat,"4,9",Kyle Larson,KF172,"Psycholeptics drugs, Hypnotics and sedatives drugs",2100,"0,11","0,1","2097,69","209,769","3,3"
TRX8706866,05/11/2020,61804,Kimia Farma - Apotek,Padang Sidempuan,Sumatera Utara,"4,4",Amy Golden DDS,KF172,"Psycholeptics drugs, Hypnotics and sedatives drugs",2100,"0,11","0,1","2097,69","209,769","3,6"
TRX6850221,28/09/2023,81487,Kimia Farma - Apotek,Lhokseumawe,Aceh,"4,8",Thomas Hurley,KF172,"Psycholeptics drugs, Hypnotics and sedatives drugs",2100,"0,11","0,1","2097,69","209,769","4,4"
TRX1472418,03/07/2023,37191,Kimia Farma - Apotek,Bima,Nusa Tenggara Barat,"3,9",Mark Wilson,KF172,"Psycholeptics drugs, Hypnotics and sedatives drugs",2100,"0,11","0,1","2097,69","209,769","4,7"
TRX1207901,02/07/2021,80387,Kimia Farma - Apotek,Sibolga,Sumatera Utara,"4,9",Robert Cochran DDS,KF172,"Psycholeptics drugs, Hypnotics and sedatives drugs",2100,"0,11","0,1","2097,69","209,769","3,3"
TRX9640227,26/12/2022,24277,Kimia Farma - Apotek,Lhokseumawe,Aceh,"4,2",William Stone,KF172,"Psycholeptics drugs, Hypnotics and sedatives drugs",2100,"0,11","0,1","2097,69","209,769","3,8"
TRX2506350,24/03/2020,37602,Kimia Farma - Apotek,Garut,Jawa Barat,"4,5",Adam Cooper,KF172,"Psycholeptics drugs, Hypnotics and sedatives drugs",2100,"0,11","0,1","2097,69","209,769","4,3"
TRX6212416,26/02/2020,32332,Kimia Farma - Apotek,Malang,Jawa Timur,"4,1",Samuel Hernandez,KF172,"Psycholeptics drugs, Hypnotics and sedatives drugs",2100,"0,11","0,1","2097,69","209,769","4,8"
TRX7475644,09/05/2021,15370,Kimia Farma - Apotek,Palembang,Sumatera Selatan,"4,1",Julie Hill,KF172,"Psycholeptics drugs, Hypnotics and sedatives drugs",2100,"0,11","0,1","2097,69","209,769","4,9"
TRX3153374,13/09/2023,17275,Kimia Farma - Apotek,Banda Aceh,Aceh,"3,9",Joel Jones,KF172,"Psycholeptics drugs, Hypnotics and sedatives drugs",2100,"0,11","0,1","2097,69","209,769","3,1"
TRX2303404,06/01/2021,65025,Kimia Farma - Apotek,Denpasar,Bali,"4,2",Nicholas Johnson,KF172,"Psycholeptics drugs, Hypnotics and sedatives drugs",2100,"0,11","0,1","2097,69","209,769","3,1"
TRX2718548,29/04/2023,96462,Kimia Farma - Apotek,Semarang,Jawa Tengah,"4,1",Michelle Salinas,KF172,"Psycholeptics drugs, Hypnotics and sedatives drugs",2100,"0,11","0,1","2097,69","209,769","3,2"
TRX6099552,26/04/2022,49520,Kimia Farma - Apotek,Subang,Jawa Barat,"4,4",Christopher Payne,KF172,"Psycholeptics drugs, Hypnotics and sedatives drugs",2100,"0,11","0,1","2097,69","209,769","3,3"
TRX4898093,30/09/2020,47547,Kimia Farma - Apotek,Pontianak,Kalimantan Barat,"4,5",Erica Andrews,KF172,"Psycholeptics drugs, Hypnotics and sedatives drugs",2100,"0,11","0,1","2097,69","209,769",4
TRX7670283,27/08/2023,75976,Kimia Farma - Apotek,Yogyakarta,DI Yogyakarta,4,Jason White,KF172,"Psycholeptics drugs, Hypnotics and sedatives drugs",2100,"0,11","0,1","2097,69","209,769","4,7"
TRX7936729,11/01/2022,18983,Kimia Farma - Apotek,Solok,Sumatera Barat,"4,8",Gerald Phillips,KF172,"Psycholeptics drugs, Hypnotics and sedatives drugs",2100,"0,11","0,1","2097,69","209,769",3
TRX7499427,09/04/2020,55386,Kimia Farma - Apotek,Cilacap,Jawa Tengah,"4,3",Kristina Hardy,KF172,"Psycholeptics drugs, Hypnotics and sedatives drugs",2100,"0,11","0,1","2097,69","209,769","4,4"
TRX5917886,24/10/2022,23471,Kimia Farma - Apotek,Kendari,Sulawesi Tenggara,"4,3",Michael Webb MD,KF172,"Psycholeptics drugs, Hypnotics and sedatives drugs",2100,"0,11","0,1","2097,69","209,769","3,3"
TRX3097095,22/12/2021,95134,Kimia Farma - Apotek,Yogyakarta,DI Yogyakarta,"4,2",Sara Estrada,KF172,"Psycholeptics drugs, Hypnotics and sedatives drugs",2100,"0,11","0,1","2097,69","209,769","3,3"
TRX6105787,23/07/2022,19429,Kimia Farma - Apotek,Jambi,Jambi,"4,4",Kyle Bennett,KF172,"Psycholeptics drugs, Hypnotics and sedatives drugs",2100,"0,11","0,1","2097,69","209,769","4,8"
TRX6384166,26/11/2023,46963,Kimia Farma - Apotek,Sibolga,Sumatera Utara,"4,3",Christopher Khan,KF172,"Psycholeptics drugs, Hypnotics and sedatives drugs",2100,"0,11","0,1","2097,69","209,769","4,9"
TRX6322713,23/01/2022,60459,Kimia Farma - Apotek,Tanjungpinang,Kepulauan Riau,4,Sara Hernandez,KF172,"Psycholeptics drugs, Hypnotics and sedatives drugs",2100,"0,11","0,1","2097,69","209,769","3,3"
TRX8109780,07/12/2020,37602,Kimia Farma - Apotek,Garut,Jawa Barat,"4,5",Kimberly Williams,KF172,"Psycholeptics drugs, Hypnotics and sedatives drugs",2100,"0,11","0,1","2097,69","209,769","3,7"
TRX3676481,05/05/2021,23647,Kimia Farma - Apotek,Semarang,Jawa Tengah,"4,6",Eric Wade,KF172,"Psycholeptics drugs, Hypnotics and sedatives drugs",2100,"0,11","0,1","2097,69","209,769","3,9"
TRX9885687,01/05/2023,61804,Kimia Farma - Apotek,Padang Sidempuan,Sumatera Utara,"4,4",Alex Hernandez,KF172,"Psycholeptics drugs, Hypnotics and sedatives drugs",2100,"0,11","0,1","2097,69","209,769","3,6"
TRX7487720,19/05/2022,48388,Kimia Farma - Apotek,Palangkaraya,Kalimantan Tengah,4,Jessica Mahoney,KF172,"Psycholeptics drugs, Hypnotics and sedatives drugs",2100,"0,11","0,1","2097,69","209,769","3,6"
TRX4269727,17/02/2022,69471,Kimia Farma - Apotek,Probolinggo,Jawa Timur,"4,8",Blake Villegas,KF172,"Psycholeptics drugs, Hypnotics and sedatives drugs",2100,"0,11","0,1","2097,69","209,769","3,6"
TRX6498315,02/02/2023,34034,Kimia Farma - Apotek,Tomohon,Sulawesi Utara,"3,9",Sarah Benton,KF172,"Psycholeptics drugs, Hypnotics and sedatives drugs",2100,"0,11","0,1","2097,69","209,769","3,8"
TRX5383527,21/12/2020,12558,Kimia Farma - Apotek,Kendari,Sulawesi Tenggara,"4,4",Jennifer Hays,KF172,"Psycholeptics drugs, Hypnotics and sedatives drugs",2100,"0,11","0,1","2097,69","209,769","4,4"
TRX1813722,24/10/2022,64238,Kimia Farma - Apotek,Jakarta,DKI Jakarta,4,Devin Robertson,KF172,"Psycholeptics drugs, Hypnotics and sedatives drugs",2100,"0,11","0,1","2097,69","209,769","3,1"
TRX1057381,12/01/2023,18983,Kimia Farma - Apotek,Solok,Sumatera Barat,"4,8",Katie Medina,KF172,"Psycholeptics drugs, Hypnotics and sedatives drugs",2100,"0,11","0,1","2097,69","209,769","3,8"
TRX2421183,13/12/2022,69060,Kimia Farma - Apotek,Ciamis,Jawa Barat,"4,4",Joyce Wright,KF172,"Psycholeptics drugs, Hypnotics and sedatives drugs",2100,"0,11","0,1","2097,69","209,769","4,7"
TRX5904459,27/09/2023,76351,Kimia Farma - Apotek,Palu,Sulawesi Tengah,"4,4",Bobby Hampton,KF172,"Psycholeptics drugs, Hypnotics and sedatives drugs",2100,"0,11","0,1","2097,69","209,769",5
TRX2351616,24/09/2020,25624,Kimia Farma - Apotek,Semarang,Jawa Tengah,"4,3",Jay Rodriguez,KF172,"Psycholeptics drugs, Hypnotics and sedatives drugs",2100,"0,11","0,1","2097,69","209,769",3
TRX1449755,24/10/2023,68034,Kimia Farma - Apotek,Ambon,Maluku,"4,1",Emily Henderson,KF172,"Psycholeptics drugs, Hypnotics and sedatives drugs",2100,"0,11","0,1","2097,69","209,769","3,4"
TRX3678197,05/12/2020,82636,Kimia Farma - Apotek,Palu,Sulawesi Tengah,"4,7",Jimmy Brown,KF172,"Psycholeptics drugs, Hypnotics and sedatives drugs",2100,"0,11","0,1","2097,69","209,769","3,7"
TRX7953431,23/01/2021,47178,Kimia Farma - Apotek,Magelang,Jawa Tengah,"4,2",Gary Heath,KF172,"Psycholeptics drugs, Hypnotics and sedatives drugs",2100,"0,11","0,1","2097,69","209,769","4,4"
TRX6504794,20/08/2021,35572,Kimia Farma - Apotek,Purwakarta,Jawa Barat,"4,6",Vincent Potter,KF172,"Psycholeptics drugs, Hypnotics and sedatives drugs",2100,"0,11","0,1","2097,69","209,769","3,8"
TRX5262632,26/05/2023,82832,Kimia Farma - Apotek,Purwakarta,Jawa Barat,"4,7",Jason Miller,KF172,"Psycholeptics drugs, Hypnotics and sedatives drugs",2100,"0,11","0,1","2097,69","209,769","4,9"
TRX4780522,27/07/2020,73969,Kimia Farma - Apotek,Deli Serdang,Sumatera Utara,"4,1",Patrick Everett,KF172,"Psycholeptics drugs, Hypnotics and sedatives drugs",2100,"0,11","0,1","2097,69","209,769","3,6"
TRX7934062,29/11/2023,90334,Kimia Farma - Apotek,Yogyakarta,DI Yogyakarta,"4,4",David Turner,KF172,"Psycholeptics drugs, Hypnotics and sedatives drugs",2100,"0,11","0,1","2097,69","209,769","3,6"
TRX1306515,26/08/2022,76725,Kimia Farma - Apotek,Subang,Jawa Barat,"4,9",Tina Scott,KF172,"Psycholeptics drugs, Hypnotics and sedatives drugs",2100,"0,11","0,1","2097,69","209,769","4,9"
TRX1895071,05/07/2023,35860,Kimia Farma - Apotek,Bekasi,Jawa Barat,"4,2",Rachel Lewis,KF172,"Psycholeptics drugs, Hypnotics and sedatives drugs",2100,"0,11","0,1","2097,69","209,769","4,6"
TRX7756217,04/12/2022,59559,Kimia Farma - Apotek,Yogyakarta,DI Yogyakarta,"4,5",Kara Williams,KF172,"Psycholeptics drugs, Hypnotics and sedatives drugs",2100,"0,11","0,1","2097,69","209,769","3,3"
TRX7217197,23/03/2023,73625,Kimia Farma - Apotek,Kotamobagu,Sulawesi Utara,"4,9",Adam Duncan,KF172,"Psycholeptics drugs, Hypnotics and sedatives drugs",2100,"0,11","0,1","2097,69","209,769","3,8"
TRX6687216,14/04/2020,48617,Kimia Farma - Apotek,Tasikmalaya,Jawa Barat,"4,3",Michael Hernandez,KF172,"Psycholeptics drugs, Hypnotics and sedatives drugs",2100,"0,11","0,1","2097,69","209,769",4
TRX4944316,12/03/2023,52020,Kimia Farma - Apotek,Banda Aceh,Aceh,"4,4",Justin Freeman,KF172,"Psycholeptics drugs, Hypnotics and sedatives drugs",2100,"0,11","0,1","2097,69","209,769",4
TRX2811304,05/02/2022,30333,Kimia Farma - Apotek,Bekasi,Jawa Barat,"4,6",Caitlyn Raymond,KF172,"Psycholeptics drugs, Hypnotics and sedatives drugs",2100,"0,11","0,1","2097,69","209,769","4,1"
TRX5571813,26/07/2023,16596,Kimia Farma - Apotek,Pontianak,Kalimantan Barat,"4,1",Jason Roberson,KF172,"Psycholeptics drugs, Hypnotics and sedatives drugs",2100,"0,11","0,1","2097,69","209,769",5
TRX6534673,01/06/2021,43614,Kimia Farma - Apotek,Cikampek,Jawa Barat,"4,5",Jeffrey Lee,KF172,"Psycholeptics drugs, Hypnotics and sedatives drugs",2100,"0,11","0,1","2097,69","209,769","3,4"
TRX9629325,18/04/2023,65560,Kimia Farma - Apotek,Balikpapan,Kalimantan Timur,"4,7",Curtis Gibson,KF172,"Psycholeptics drugs, Hypnotics and sedatives drugs",2100,"0,11","0,1","2097,69","209,769","3,8"
TRX8434177,28/08/2020,68908,Kimia Farma - Apotek,Jayapura,Papua,"4,5",Keith White,KF172,"Psycholeptics drugs, Hypnotics and sedatives drugs",2100,"0,11","0,1","2097,69","209,769","4,4"
TRX5083723,09/07/2022,90512,Kimia Farma - Apotek,Samarinda,Kalimantan Timur,4,Joshua Hopkins,KF172,"Psycholeptics drugs, Hypnotics and sedatives drugs",2100,"0,11","0,1","2097,69","209,769","4,3"
TRX6172089,27/12/2023,40222,Kimia Farma - Apotek,Purwokerto,Jawa Tengah,"4,1",Sherri Kirby,KF172,"Psycholeptics drugs, Hypnotics and sedatives drugs",2100,"0,11","0,1","2097,69","209,769","4,7"
TRX9200522,17/09/2022,40540,Kimia Farma - Apotek,Ciamis,Jawa Barat,"4,7",William Harvey,KF172,"Psycholeptics drugs, Hypnotics and sedatives drugs",2100,"0,11","0,1","2097,69","209,769","4,7"
TRX9319758,05/07/2020,94743,Kimia Farma - Apotek,Semarang,Jawa Tengah,"3,9",Dana Caldwell,KF172,"Psycholeptics drugs, Hypnotics and sedatives drugs",2100,"0,11","0,1","2097,69","209,769","3,4"
TRX1696229,14/11/2023,67921,Kimia Farma - Apotek,Ternate,Maluku Utara,5,Lori Smith,KF172,"Psycholeptics drugs, Hypnotics and sedatives drugs",2100,"0,11","0,1","2097,69","209,769","4,3"
TRX9620282,10/09/2023,99735,Kimia Farma - Apotek,Banda Aceh,Aceh,"4,1",Jeffery Kramer,KF172,"Psycholeptics drugs, Hypnotics and sedatives drugs",2100,"0,11","0,1","2097,69","209,769","3,3"
TRX6089490,25/01/2023,82240,Kimia Farma - Apotek,Tasikmalaya,Jawa Barat,"4,2",Rick Rowe,KF172,"Psycholeptics drugs, Hypnotics and sedatives drugs",2100,"0,11","0,1","2097,69","209,769","3,5"
TRX8838924,06/12/2022,84213,Kimia Farma - Apotek,Gorontalo,Gorontalo,"4,2",Chris Floyd,KF172,"Psycholeptics drugs, Hypnotics and sedatives drugs",2100,"0,11","0,1","2097,69","209,769","4,4"
TRX7535592,21/01/2020,82428,Kimia Farma - Apotek,Tomohon,Sulawesi Utara,"3,9",Ann Howard,KF172,"Psycholeptics drugs, Hypnotics and sedatives drugs",2100,"0,11","0,1","2097,69","209,769","3,3"
TRX1557156,26/02/2021,63103,Kimia Farma - Apotek,Pematangsiantar,Sumatera Utara,5,Jonathan Reeves,KF172,"Psycholeptics drugs, Hypnotics and sedatives drugs",2100,"0,11","0,1","2097,69","209,769","3,4"
TRX9299281,26/11/2023,71367,Kimia Farma - Apotek,Dumai,Riau,"4,2",Janet Nunez,KF172,"Psycholeptics drugs, Hypnotics and sedatives drugs",2100,"0,11","0,1","2097,69","209,769","3,4"
TRX4938564,24/06/2022,48388,Kimia Farma - Apotek,Palangkaraya,Kalimantan Tengah,4,James Parrish,KF172,"Psycholeptics drugs, Hypnotics and sedatives drugs",2100,"0,11","0,1","2097,69","209,769","4,7"
TRX1034931,02/08/2020,48575,Kimia Farma - Apotek,Purwokerto,Jawa Tengah,"4,8",Brandon Johnson,KF172,"Psycholeptics drugs, Hypnotics and sedatives drugs",2100,"0,11","0,1","2097,69","209,769","3,6"
TRX7242876,19/10/2023,99442,Kimia Farma - Apotek,Cikampek,Jawa Barat,"4,9",Mr. Thomas Ross Jr.,KF172,"Psycholeptics drugs, Hypnotics and sedatives drugs",2100,"0,11","0,1","2097,69","209,769","3,3"
TRX7057000,30/06/2022,21410,Kimia Farma - Apotek,Mataram,Nusa Tenggara Barat,"4,2",Rhonda Baker,KF172,"Psycholeptics drugs, Hypnotics and sedatives drugs",2100,"0,11","0,1","2097,69","209,769","3,8"
TRX1392091,01/07/2023,94518,Kimia Farma - Apotek,Tomohon,Sulawesi Utara,"4,6",Gary Petty,KF172,"Psycholeptics drugs, Hypnotics and sedatives drugs",2100,"0,11","0,1","2097,69","209,769","3,8"
TRX4132906,02/08/2022,29922,Kimia Farma - Apotek,Purwokerto,Jawa Tengah,"3,9",Holly Hamilton,KF172,"Psycholeptics drugs, Hypnotics and sedatives drugs",2100,"0,1","0,1","2097,9","209,79","3,1"
TRX5788195,17/11/2023,34034,Kimia Farma - Apotek,Tomohon,Sulawesi Utara,"3,9",Jonathan Brown,KF172,"Psycholeptics drugs, Hypnotics and sedatives drugs",2100,"0,1","0,1","2097,9","209,79",4
TRX5912073,11/03/2020,93257,Kimia Farma - Apotek,Kotamobagu,Sulawesi Utara,"4,6",Jasmine Turner,KF172,"Psycholeptics drugs, Hypnotics and sedatives drugs",2100,"0,1","0,1","2097,9","209,79","4,5"
TRX1662761,17/09/2021,47342,Kimia Farma - Apotek,Padang Sidempuan,Sumatera Utara,"4,3",Brenda Alvarado,KF172,"Psycholeptics drugs, Hypnotics and sedatives drugs",2100,"0,1","0,1","2097,9","209,79",5
TRX4702667,13/07/2020,45962,Kimia Farma - Apotek,Tasikmalaya,Jawa Barat,"4,4",Katherine Morton,KF172,"Psycholeptics drugs, Hypnotics and sedatives drugs",2100,"0,1","0,1","2097,9","209,79",5
TRX7722903,26/11/2023,37946,Kimia Farma - Apotek,Cirebon,Jawa Barat,"4,1",Daniel Garcia,KF172,"Psycholeptics drugs, Hypnotics and sedatives drugs",2100,"0,1","0,1","2097,9","209,79","4,6"
TRX4410742,09/06/2023,68034,Kimia Farma - Apotek,Ambon,Maluku,"4,1",Thomas Mahoney,KF172,"Psycholeptics drugs, Hypnotics and sedatives drugs",2100,"0,1","0,1","2097,9","209,79","3,1"
TRX2709954,20/02/2021,34489,Kimia Farma - Apotek,Garut,Jawa Barat,"4,4",Christian Hayes,KF172,"Psycholeptics drugs, Hypnotics and sedatives drugs",2100,"0,1","0,1","2097,9","209,79","3,8"
TRX8433974,26/10/2023,86446,Kimia Farma - Apotek,Bitung,Sulawesi Utara,"4,1",Carlos Ellison,KF172,"Psycholeptics drugs, Hypnotics and sedatives drugs",2100,"0,1","0,1","2097,9","209,79","3,5"
TRX2844359,27/07/2020,28557,Kimia Farma - Apotek,Jambi,Jambi,"4,5",Amy Schwartz,KF172,"Psycholeptics drugs, Hypnotics and sedatives drugs",2100,"0,1","0,1","2097,9","209,79","3,2"
TRX6840492,20/05/2021,69841,Kimia Farma - Apotek,Lhokseumawe,Aceh,"4,9",James Arias,KF172,"Psycholeptics drugs, Hypnotics and sedatives drugs",2100,"0,1","0,1","2097,9","209,79","3,9"
TRX3732639,12/01/2022,14433,Kimia Farma - Apotek,Gorontalo,Gorontalo,4,Melissa Michael,KF172,"Psycholeptics drugs, Hypnotics and sedatives drugs",2100,"0,1","0,1","2097,9","209,79",4
TRX7103865,26/07/2020,87281,Kimia Farma - Apotek,Semarang,Jawa Tengah,"4,4",Stephanie Gibbs DVM,KF172,"Psycholeptics drugs, Hypnotics and sedatives drugs",2100,"0,1","0,1","2097,9","209,79","4,7"
TRX5736069,09/10/2021,21171,Kimia Farma - Apotek,Indramayu,Jawa Barat,4,Stephanie Patterson,KF172,"Psycholeptics drugs, Hypnotics and sedatives drugs",2100,"0,1","0,1","2097,9","209,79","3,2"
TRX7102755,07/07/2022,18983,Kimia Farma - Apotek,Solok,Sumatera Barat,"4,8",Rachel Lopez,KF172,"Psycholeptics drugs, Hypnotics and sedatives drugs",2100,"0,1","0,1","2097,9","209,79","3,4"
TRX8363139,22/04/2022,69471,Kimia Farma - Apotek,Probolinggo,Jawa Timur,"4,8",Shannon Allen,KF172,"Psycholeptics drugs, Hypnotics and sedatives drugs",2100,"0,1","0,1","2097,9","209,79","4,9"
TRX7909099,16/06/2020,66565,Kimia Farma - Apotek,Tasikmalaya,Jawa Barat,"3,9",Carlos Johnson,KF172,"Psycholeptics drugs, Hypnotics and sedatives drugs",2100,"0,1","0,1","2097,9","209,79",3
TRX7094479,11/04/2023,90214,Kimia Farma - Apotek,Pontianak,Kalimantan Barat,"4,2",Timothy Hughes,KF172,"Psycholeptics drugs, Hypnotics and sedatives drugs",2100,"0,1","0,1","2097,9","209,79","3,2"
TRX5462294,01/11/2022,40313,Kimia Farma - Apotek,Tasikmalaya,Jawa Barat,"4,8",Emily Bryan,KF172,"Psycholeptics drugs, Hypnotics and sedatives drugs",2100,"0,1","0,1","2097,9","209,79","3,4"
TRX7508138,10/10/2023,68556,Kimia Farma - Apotek,Bekasi,Jawa Barat,"4,8",John Turner,KF172,"Psycholeptics drugs, Hypnotics and sedatives drugs",2100,"0,1","0,1","2097,9","209,79","4,7"
TRX7036680,19/01/2023,45962,Kimia Farma - Apotek,Tasikmalaya,Jawa Barat,"4,4",Mr. Matthew Dunlap PhD,KF172,"Psycholeptics drugs, Hypnotics and sedatives drugs",2100,"0,1","0,1","2097,9","209,79","3,2"
TRX4189221,18/11/2023,30291,Kimia Farma - Apotek,Manado,Sulawesi Utara,"4,9",Stephen Lawrence,KF172,"Psycholeptics drugs, Hypnotics and sedatives drugs",2100,"0,1","0,1","2097,9","209,79","3,9"
TRX3094744,06/06/2022,96720,Kimia Farma - Apotek,Palangkaraya,Kalimantan Tengah,4,Billy Wright,KF172,"Psycholeptics drugs, Hypnotics and sedatives drugs",2100,"0,1","0,1","2097,9","209,79",4
TRX7952264,04/10/2020,42291,Kimia Farma - Apotek,Tarakan,Kalimantan Utara,"4,3",Christopher Frank,KF172,"Psycholeptics drugs, Hypnotics and sedatives drugs",2100,"0,1","0,1","2097,9","209,79","3,4"
TRX3637784,03/01/2022,89566,Kimia Farma - Apotek,Pariaman,Sumatera Barat,"4,4",David Gregory,KF172,"Psycholeptics drugs, Hypnotics and sedatives drugs",2100,"0,1","0,1","2097,9","209,79","3,6"
TRX3649687,20/03/2021,84443,Kimia Farma - Apotek,Tebing Tinggi,Sumatera Utara,"4,2",Jay Sanchez,KF172,"Psycholeptics drugs, Hypnotics and sedatives drugs",2100,"0,1","0,1","2097,9","209,79","3,9"
TRX8135876,15/07/2020,59549,Kimia Farma - Apotek,Purwakarta,Jawa Barat,"4,2",Abigail Jones,KF172,"Psycholeptics drugs, Hypnotics and sedatives drugs",2100,"0,1","0,1","2097,9","209,79","4,4"
TRX7219157,24/09/2022,28053,Kimia Farma - Apotek,Semarang,Jawa Tengah,"4,1",Michelle Smith,KF172,"Psycholeptics drugs, Hypnotics and sedatives drugs",2100,"0,1","0,1","2097,9","209,79","4,8"
TRX4453979,14/01/2020,35365,Kimia Farma - Apotek,Pariaman,Sumatera Barat,"4,5",Clayton Forbes,KF172,"Psycholeptics drugs, Hypnotics and sedatives drugs",2100,"0,1","0,1","2097,9","209,79","4,2"
TRX4392058,20/03/2022,84189,Kimia Farma - Apotek,Ciamis,Jawa Barat,5,Dylan Donaldson,KF172,"Psycholeptics drugs, Hypnotics and sedatives drugs",2100,"0,1","0,1","2097,9","209,79",4
TRX8262419,01/09/2022,44632,Kimia Farma - Apotek,Mataram,Nusa Tenggara Barat,"4,5",Sarah Frye,KF172,"Psycholeptics drugs, Hypnotics and sedatives drugs",2100,"0,1","0,1","2097,9","209,79",4
TRX8558348,03/03/2022,37946,Kimia Farma - Apotek,Cirebon,Jawa Barat,"4,1",Brenda Holmes,KF172,"Psycholeptics drugs, Hypnotics and sedatives drugs",2100,"0,1","0,1","2097,9","209,79",4
TRX1222455,18/12/2020,24646,Kimia Farma - Apotek,Kupang,Nusa Tenggara Timur,"4,4",Ashlee Gordon,KF172,"Psycholeptics drugs, Hypnotics and sedatives drugs",2100,"0,1","0,1","2097,9","209,79","4,8"
TRX9444904,20/01/2021,17275,Kimia Farma - Apotek,Banda Aceh,Aceh,"3,9",Anita Miller,KF172,"Psycholeptics drugs, Hypnotics and sedatives drugs",2100,"0,1","0,1","2097,9","209,79","3,4"
TRX1148601,21/09/2023,52680,Kimia Farma - Apotek,Purwokerto,Jawa Tengah,"4,3",Steven Meyer,KF172,"Psycholeptics drugs, Hypnotics and sedatives drugs",2100,"0,1","0,1","2097,9","209,79","3,8"
TRX1726492,28/12/2023,93665,Kimia Farma - Apotek,Tomohon,Sulawesi Utara,5,Vanessa Gilbert,KF172,"Psycholeptics drugs, Hypnotics and sedatives drugs",2100,"0,1","0,1","2097,9","209,79",5
TRX9158467,13/03/2021,51463,Kimia Farma - Apotek,Ternate,Maluku Utara,"4,4",Linda Martinez,KF172,"Psycholeptics drugs, Hypnotics and sedatives drugs",2100,"0,1","0,1","2097,9","209,79","3,1"
TRX6469120,30/11/2020,13089,Kimia Farma - Apotek,Subang,Jawa Barat,"4,1",Brad Herrera,KF172,"Psycholeptics drugs, Hypnotics and sedatives drugs",2100,"0,1","0,1","2097,9","209,79","4,1"
TRX8297907,23/08/2021,98300,Kimia Farma - Apotek,Subang,Jawa Barat,"4,9",Christina Sanders,KF172,"Psycholeptics drugs, Hypnotics and sedatives drugs",2100,"0,1","0,1","2097,9","209,79","4,8"
TRX7761034,21/11/2022,63792,Kimia Farma - Apotek,Pematangsiantar,Sumatera Utara,"4,1",Taylor Fleming,KF172,"Psycholeptics drugs, Hypnotics and sedatives drugs",2100,"0,1","0,1","2097,9","209,79",5
TRX5420203,01/11/2020,64080,Kimia Farma - Apotek,Batam,Kepulauan Riau,"4,1",Lisa Jackson,KF172,"Psycholeptics drugs, Hypnotics and sedatives drugs",2100,"0,1","0,1","2097,9","209,79",4
TRX9802511,11/11/2023,49438,Kimia Farma - Apotek,Ternate,Maluku Utara,"4,9",Yolanda Lynch,KF172,"Psycholeptics drugs, Hypnotics and sedatives drugs",2100,"0,1","0,1","2097,9","209,79","4,1"
TRX5246915,14/01/2021,31935,Kimia Farma - Apotek,Tangerang,Banten,"4,4",Samantha Hahn,KF172,"Psycholeptics drugs, Hypnotics and sedatives drugs",2100,"0,1","0,1","2097,9","209,79","4,2"
TRX1724817,20/08/2023,64080,Kimia Farma - Apotek,Batam,Kepulauan Riau,"4,1",Danielle Carter MD,KF172,"Psycholeptics drugs, Hypnotics and sedatives drugs",2100,"0,1","0,1","2097,9","209,79","3,3"
TRX6800033,25/06/2020,31604,Kimia Farma - Apotek,Pontianak,Kalimantan Barat,"4,4",Jessica Lawson,KF172,"Psycholeptics drugs, Hypnotics and sedatives drugs",2100,"0,1","0,1","2097,9","209,79",3
TRX1695725,15/12/2023,78115,Kimia Farma - Apotek,Sukabumi,Jawa Barat,"4,7",Paul Salazar,KF172,"Psycholeptics drugs, Hypnotics and sedatives drugs",2100,"0,1","0,1","2097,9","209,79","4,2"
TRX6642174,19/07/2023,39578,Kimia Farma - Apotek,Ambon,Maluku,"4,7",Paul Kennedy,KF172,"Psycholeptics drugs, Hypnotics and sedatives drugs",2100,"0,1","0,1","2097,9","209,79","3,3"
TRX7482853,20/06/2021,21490,Kimia Farma - Apotek,Jayapura,Papua,"4,1",Michael Holmes,KF172,"Psycholeptics drugs, Hypnotics and sedatives drugs",2100,"0,1","0,1","2097,9","209,79","3,3"
TRX9857306,14/06/2020,23647,Kimia Farma - Apotek,Semarang,Jawa Tengah,"4,6",Jodi Williams,KF172,"Psycholeptics drugs, Hypnotics and sedatives drugs",2100,"0,1","0,1","2097,9","209,79",3
TRX5869291,09/01/2023,12369,Kimia Farma - Apotek,Ciamis,Jawa Barat,"4,4",Jasmine Rice,KF172,"Psycholeptics drugs, Hypnotics and sedatives drugs",2100,"0,1","0,1","2097,9","209,79","4,1"
TRX5739385,23/12/2021,54078,Kimia Farma - Apotek,Purwokerto,Jawa Tengah,"4,7",Alexander King,KF172,"Psycholeptics drugs, Hypnotics and sedatives drugs",2100,"0,1","0,1","2097,9","209,79","4,3"
TRX6356335,20/05/2020,83589,Kimia Farma - Apotek,Cianjur,Jawa Barat,"4,6",Alan Quinn,KF172,"Psycholeptics drugs, Hypnotics and sedatives drugs",2100,"0,1","0,1","2097,9","209,79","3,4"
TRX2555853,28/05/2021,51833,Kimia Farma - Apotek,Pematangsiantar,Sumatera Utara,"4,2",Matthew Hunt,KF172,"Psycholeptics drugs, Hypnotics and sedatives drugs",2100,"0,1","0,1","2097,9","209,79","4,6"
TRX1007017,29/08/2022,92115,Kimia Farma - Apotek,Purwakarta,Jawa Barat,"4,5",Kristina Davis,KF172,"Psycholeptics drugs, Hypnotics and sedatives drugs",2100,"0,1","0,1","2097,9","209,79","4,9"
TRX9365911,28/08/2021,12174,Kimia Farma - Apotek,Pangkalpinang,Bangka Belitung,"4,7",Monica Jones,KF172,"Psycholeptics drugs, Hypnotics and sedatives drugs",2100,"0,1","0,1","2097,9","209,79","4,1"
TRX7058194,22/02/2021,58103,Kimia Farma - Apotek,Karawang,Jawa Barat,"4,7",Ryan Shannon,KF172,"Psycholeptics drugs, Hypnotics and sedatives drugs",2100,"0,1","0,1","2097,9","209,79","4,5"
TRX3366894,29/11/2023,98345,Kimia Farma - Apotek,Makassar,Sulawesi Selatan,"4,7",Robert Mccarty,KF172,"Psycholeptics drugs, Hypnotics and sedatives drugs",2100,"0,1","0,1","2097,9","209,79","4,8"
TRX7397701,19/06/2023,29281,Kimia Farma - Apotek,Banjarmasin,Kalimantan Selatan,"4,7",Brandon Allison,KF172,"Psycholeptics drugs, Hypnotics and sedatives drugs",2100,"0,1","0,1","2097,9","209,79","4,7"
TRX2245010,02/08/2023,44221,Kimia Farma - Apotek,Garut,Jawa Barat,4,Christina Davenport,KF172,"Psycholeptics drugs, Hypnotics and sedatives drugs",2100,"0,1","0,1","2097,9","209,79","3,3"
TRX2568608,21/11/2020,31604,Kimia Farma - Apotek,Pontianak,Kalimantan Barat,"4,4",Gerald Rojas,KF172,"Psycholeptics drugs, Hypnotics and sedatives drugs",2100,"0,1","0,1","2097,9","209,79","3,5"
TRX4967204,19/06/2021,32332,Kimia Farma - Apotek,Malang,Jawa Timur,"4,1",Andrew Rogers,KF172,"Psycholeptics drugs, Hypnotics and sedatives drugs",2100,"0,1","0,1","2097,9","209,79",5
TRX1393656,03/04/2021,22764,Kimia Farma - Apotek,Denpasar,Bali,"4,4",Brenda Morris,KF172,"Psycholeptics drugs, Hypnotics and sedatives drugs",2100,"0,1","0,1","2097,9","209,79","4,1"
TRX3208763,13/01/2020,45642,Kimia Farma - Apotek,Cikampek,Jawa Barat,"4,7",Nicholas Green,KF172,"Psycholeptics drugs, Hypnotics and sedatives drugs",2100,"0,1","0,1","2097,9","209,79","4,6"
TRX6535119,19/09/2023,99950,Kimia Farma - Apotek,Pangkalpinang,Bangka Belitung,"4,6",Brian West,KF172,"Psycholeptics drugs, Hypnotics and sedatives drugs",2100,"0,1","0,1","2097,9","209,79","4,9"
TRX3952146,18/07/2022,50288,Kimia Farma - Apotek,Ternate,Maluku Utara,"4,4",Carla White,KF172,"Psycholeptics drugs, Hypnotics and sedatives drugs",2100,"0,1","0,1","2097,9","209,79","4,9"
TRX9932804,11/02/2022,31305,Kimia Farma - Apotek,Sibolga,Sumatera Utara,"4,2",Jessica Wilson,KF172,"Psycholeptics drugs, Hypnotics and sedatives drugs",2100,"0,1","0,1","2097,9","209,79","3,2"
TRX2625163,26/05/2020,46902,Kimia Farma - Apotek,Cirebon,Jawa Barat,4,Tamara Butler,KF172,"Psycholeptics drugs, Hypnotics and sedatives drugs",2100,"0,1","0,1","2097,9","209,79","3,5"
TRX8009501,29/12/2021,49606,Kimia Farma - Apotek,Palu,Sulawesi Tengah,"4,6",Jon Chavez,KF172,"Psycholeptics drugs, Hypnotics and sedatives drugs",2100,"0,1","0,1","2097,9","209,79","3,5"
TRX3303143,17/01/2023,37584,Kimia Farma - Apotek,Karawang,Jawa Barat,"4,9",John Potter,KF172,"Psycholeptics drugs, Hypnotics and sedatives drugs",2100,"0,1","0,1","2097,9","209,79","4,4"
TRX4976125,10/06/2020,48635,Kimia Farma - Apotek,Pangkalpinang,Bangka Belitung,"4,3",Robert Johnson,KF172,"Psycholeptics drugs, Hypnotics and sedatives drugs",2100,"0,1","0,1","2097,9","209,79","3,5"
TRX7279549,12/05/2023,64238,Kimia Farma - Apotek,Jakarta,DKI Jakarta,4,Jesse Collins,KF172,"Psycholeptics drugs, Hypnotics and sedatives drugs",2100,"0,1","0,1","2097,9","209,79","3,9"
TRX1758419,11/03/2020,42922,Kimia Farma - Apotek,Palangkaraya,Kalimantan Tengah,"4,1",Jennifer Garcia,KF172,"Psycholeptics drugs, Hypnotics and sedatives drugs",2100,"0,1","0,1","2097,9","209,79","4,2"
TRX6392880,07/01/2023,65823,Kimia Farma - Apotek,Kendari,Sulawesi Tenggara,"4,9",Helen Chavez,KF172,"Psycholeptics drugs, Hypnotics and sedatives drugs",2100,"0,1","0,1","2097,9","209,79","3,5"
TRX4597404,04/06/2023,75569,Kimia Farma - Apotek,Indramayu,Jawa Barat,"4,1",Nicole Ellis,KF172,"Psycholeptics drugs, Hypnotics and sedatives drugs",2100,"0,1","0,1","2097,9","209,79","4,2"
TRX9018533,18/09/2022,47691,Kimia Farma - Apotek,Banjarmasin,Kalimantan Selatan,"3,9",Kristi Mueller,KF172,"Psycholeptics drugs, Hypnotics and sedatives drugs",2100,"0,1","0,1","2097,9","209,79","4,3"
TRX4719353,02/03/2020,90214,Kimia Farma - Apotek,Pontianak,Kalimantan Barat,"4,2",Gabriel Gordon,KF172,"Psycholeptics drugs, Hypnotics and sedatives drugs",2100,"0,1","0,1","2097,9","209,79","4,5"
TRX5328531,29/03/2020,60481,Kimia Farma - Apotek,Pekanbaru,Riau,"4,1",Anthony Parks,KF172,"Psycholeptics drugs, Hypnotics and sedatives drugs",2100,"0,1","0,1","2097,9","209,79","3,6"
TRX5792232,20/11/2022,80557,Kimia Farma - Apotek,Pariaman,Sumatera Barat,4,Holly Stewart,KF172,"Psycholeptics drugs, Hypnotics and sedatives drugs",2100,"0,1","0,1","2097,9","209,79","3,8"
TRX3173801,05/08/2023,68556,Kimia Farma - Apotek,Bekasi,Jawa Barat,"4,8",Kristen Ortiz,KF172,"Psycholeptics drugs, Hypnotics and sedatives drugs",2100,"0,1","0,1","2097,9","209,79","3,5"
TRX7234463,28/09/2020,63863,Kimia Farma - Apotek,Subang,Jawa Barat,"4,7",Michael Taylor,KF172,"Psycholeptics drugs, Hypnotics and sedatives drugs",2100,"0,1","0,1","2097,9","209,79","3,9"
TRX7594675,04/12/2021,98676,Kimia Farma - Apotek,Malang,Jawa Timur,"4,4",Paige Miller,KF172,"Psycholeptics drugs, Hypnotics and sedatives drugs",2100,"0,1","0,1","2097,9","209,79","4,1"
TRX5360373,11/05/2023,40222,Kimia Farma - Apotek,Purwokerto,Jawa Tengah,"4,1",Terry Lambert,KF172,"Psycholeptics drugs, Hypnotics and sedatives drugs",2100,"0,1","0,1","2097,9","209,79","3,3"
TRX6822735,27/05/2020,29203,Kimia Farma - Apotek,Tasikmalaya,Jawa Barat,"4,3",Tammy Martin,KF172,"Psycholeptics drugs, Hypnotics and sedatives drugs",2100,"0,1","0,1","2097,9","209,79","3,8"
TRX3696104,13/09/2022,85014,Kimia Farma - Apotek,Balikpapan,Kalimantan Timur,4,Matthew Brown,KF172,"Psycholeptics drugs, Hypnotics and sedatives drugs",2100,"0,1","0,1","2097,9","209,79","4,2"
TRX3570017,21/02/2022,83357,Kimia Farma - Apotek,Sukabumi,Jawa Barat,"4,2",Nicole Watkins,KF172,"Psycholeptics drugs, Hypnotics and sedatives drugs",2100,"0,1","0,1","2097,9","209,79","4,3"
TRX2849423,25/10/2022,18306,Kimia Farma - Apotek,Manado,Sulawesi Utara,5,Jeffrey Mueller,KF172,"Psycholeptics drugs, Hypnotics and sedatives drugs",2100,"0,1","0,1","2097,9","209,79","4,2"
TRX9687527,05/01/2021,89154,Kimia Farma - Apotek,Palembang,Sumatera Selatan,"4,5",Ashley Arnold,KF172,"Psycholeptics drugs, Hypnotics and sedatives drugs",2100,"0,1","0,1","2097,9","209,79","3,1"
TRX6558935,24/06/2021,37995,Kimia Farma - Apotek,Probolinggo,Jawa Timur,"4,4",Taylor Diaz,KF172,"Psycholeptics drugs, Hypnotics and sedatives drugs",2100,"0,1","0,1","2097,9","209,79","4,6"
TRX8217027,20/04/2021,94753,Kimia Farma - Apotek,Pontianak,Kalimantan Barat,"4,2",Jason Frank,KF172,"Psycholeptics drugs, Hypnotics and sedatives drugs",2100,"0,1","0,1","2097,9","209,79","4,7"